relative_delay_us,normalized_magnitude,magnitude_db,smoothed_magnitude
-4.000000000000000000e+03,9.319736808538436890e-02,-2.061192703247070312e+01,1.261559416659121247e-01
-3.996000000000000000e+03,1.513265967369079590e-01,-1.640169525146484375e+01,1.569625076873011060e-01
-3.992000000000000000e+03,2.048217952251434326e-01,-1.377247714996337891e+01,2.142396274663977418e-01
-3.988000000000000000e+03,1.097276881337165833e-01,-1.919367599487304688e+01,2.064142720055086033e-01
-3.984000000000000000e+03,2.040112465620040894e-01,-1.380691719055175781e+01,1.952553632670027406e-01
-3.980000000000000000e+03,6.532479822635650635e-02,-2.369844055175781250e+01,1.418644951673325716e-01
-3.976000000000000000e+03,1.115804836153984070e-01,-1.904823493957519531e+01,1.366115653998127843e-01
-3.972000000000000000e+03,1.465270854532718658e-02,-3.668164062500000000e+01,1.294367322653290908e-01
-3.968000000000000000e+03,9.101765602827072144e-02,-2.081748771667480469e+01,1.297490735144865015e-01
-3.964000000000000000e+03,1.784557253122329712e-01,-1.496939086914062500e+01,1.277573149658591811e-01
-3.960000000000000000e+03,6.643730401992797852e-02,-2.355175971984863281e+01,1.756573503328669461e-01
-3.956000000000000000e+03,1.044861823320388794e-01,-1.961882209777832031e+01,1.805774372601083866e-01
-3.952000000000000000e+03,1.852643936872482300e-01,-1.464416027069091797e+01,1.975185958486126159e-01
-3.948000000000000000e+03,1.085421591997146606e-01,-1.928803062438964844e+01,2.247544858632883336e-01
-3.944000000000000000e+03,2.387972176074981689e-01,-1.243941402435302734e+01,2.351629602257715168e-01
-3.940000000000000000e+03,1.634468585252761841e-01,-1.573246860504150391e+01,2.074782253060077075e-01
-3.936000000000000000e+03,1.415593773126602173e-01,-1.698122787475585938e+01,2.453196526253478005e-01
-3.932000000000000000e+03,8.665613085031509399e-02,-2.124401283264160156e+01,2.155686539358012410e-01
-3.928000000000000000e+03,2.433268129825592041e-01,-1.227620029449462891e+01,2.253897716230449932e-01
-3.924000000000000000e+03,1.328292787075042725e-01,-1.753412437438964844e+01,1.980231094451098683e-01
-3.920000000000000000e+03,1.984279900789260864e-01,-1.404794120788574219e+01,1.936582117134366121e-01
-3.916000000000000000e+03,4.408403486013412476e-02,-2.711437225341796875e+01,1.759640521279215164e-01
-3.912000000000000000e+03,7.110911607742309570e-02,-2.296149444580078125e+01,2.169211565155148846e-01
-3.908000000000000000e+03,1.803032606840133667e-01,-1.487992858886718750e+01,1.737196905905211142e-01
-3.904000000000000000e+03,2.787114381790161133e-01,-1.109690475463867188e+01,1.643478887216091311e-01
-3.900000000000000000e+03,4.455180093646049500e-02,-2.702269554138183594e+01,1.816925611284571085e-01
-3.896000000000000000e+03,1.070328895002603531e-02,-3.940965270996093750e+01,2.069635783154194220e-01
-3.892000000000000000e+03,1.328878551721572876e-01,-1.753029251098632812e+01,1.407637826561951577e-01
-3.888000000000000000e+03,2.703142762184143066e-01,-1.136262035369873047e+01,1.479465321534578492e-01
-3.884000000000000000e+03,4.291915521025657654e-02,-2.734697532653808594e+01,1.628910141438067172e-01
-3.880000000000000000e+03,7.013551890850067139e-02,-2.308124160766601562e+01,1.702289145201454634e-01
-3.876000000000000000e+03,6.393296271562576294e-02,-2.388550186157226562e+01,1.554099728756810350e-01
-3.872000000000000000e+03,1.590241938829421997e-01,-1.597073554992675781e+01,1.836694081216304619e-01
-3.868000000000000000e+03,2.175317555665969849e-01,-1.324954605102539062e+01,2.290801793483756843e-01
-3.864000000000000000e+03,1.435744017362594604e-01,-1.685845947265625000e+01,2.396661354476036787e-01
-3.860000000000000000e+03,2.318808734416961670e-01,-1.269470119476318359e+01,2.233756330597862771e-01
-3.856000000000000000e+03,1.016383171081542969e-01,-1.985885047912597656e+01,1.874063706283086439e-01
-3.852000000000000000e+03,1.010002270340919495e-01,-1.991355323791503906e+01,1.867215576598008908e-01
-3.848000000000000000e+03,8.941543102264404297e-02,-2.097175216674804688e+01,1.642618208938196878e-01
-3.844000000000000000e+03,1.411352157592773438e-01,-1.700729179382324219e+01,1.721091756643526038e-01
-3.840000000000000000e+03,1.518831551074981689e-01,-1.636980819702148438e+01,1.626414045002937125e-01
-3.836000000000000000e+03,1.295892447233200073e-01,-1.774862098693847656e+01,1.699519380450198736e-01
-3.832000000000000000e+03,6.727765500545501709e-02,-2.344258308410644531e+01,1.648681375141586025e-01
-3.828000000000000000e+03,1.154542937874794006e-01,-1.875179672241210938e+01,1.404771868433011273e-01
-3.824000000000000000e+03,1.230275928974151611e-01,-1.819994926452636719e+01,1.583330540100011119e-01
-3.820000000000000000e+03,6.500678509473800659e-02,-2.374082565307617188e+01,1.956170330052748318e-01
-3.816000000000000000e+03,1.931887716054916382e-01,-1.428036212921142578e+01,2.079759908020094028e-01
-3.812000000000000000e+03,2.000767737627029419e-01,-1.397606658935546875e+01,2.211663350792845706e-01
-3.808000000000000000e+03,1.594747751951217651e-01,-1.594615936279296875e+01,2.804519351414663242e-01
-3.804000000000000000e+03,1.700093299150466919e-01,-1.539054489135742188e+01,2.830874637324322651e-01
-3.800000000000000000e+03,2.761718928813934326e-01,-1.117641067504882812e+01,2.850779442000295760e-01
-3.796000000000000000e+03,2.025760710239410400e-01,-1.386823654174804688e+01,2.986996481461741126e-01
-3.792000000000000000e+03,2.071665227413177490e-01,-1.367360877990722656e+01,2.859059921906783597e-01
-3.788000000000000000e+03,2.079929411411285400e-01,-1.363902854919433594e+01,2.576333086203371203e-01
-3.784000000000000000e+03,1.244405284523963928e-01,-1.810076332092285156e+01,2.277217863002815867e-01
-3.780000000000000000e+03,1.754694581031799316e-01,-1.511596870422363281e+01,1.767146135799222140e-01
-3.776000000000000000e+03,9.603637456893920898e-02,-2.035128593444824219e+01,1.780809805149006220e-01
-3.772000000000000000e+03,2.548774890601634979e-02,-3.187336921691894531e+01,2.036011356477126777e-01
-3.768000000000000000e+03,2.128597050905227661e-01,-1.343813037872314453e+01,1.677420569792692495e-01
-3.764000000000000000e+03,2.153389304876327515e-01,-1.333754920959472656e+01,1.525079973355873142e-01
-3.760000000000000000e+03,4.774558916687965393e-02,-2.642133522033691406e+01,1.628355159329278046e-01
-3.756000000000000000e+03,4.177527502179145813e-02,-2.758161354064941406e+01,1.279330369879288776e-01
-3.752000000000000000e+03,6.227259337902069092e-02,-2.411405944824218750e+01,1.084132129094719510e-01
-3.748000000000000000e+03,8.854307979345321655e-02,-2.105690765380859375e+01,1.556294032817798489e-01
-3.744000000000000000e+03,1.458126753568649292e-01,-1.672409439086914062e+01,1.832130641649998004e-01
-3.740000000000000000e+03,2.159215360879898071e-01,-1.331408023834228516e+01,1.692431129461300088e-01
-3.736000000000000000e+03,1.400235295295715332e-01,-1.707597923278808594e+01,1.674261921171903700e-01
-3.732000000000000000e+03,1.251403056085109711e-02,-3.805205535888671875e+01,1.798435797623874344e-01
-3.728000000000000000e+03,8.207152038812637329e-02,-2.171615219116210938e+01,1.490437011797101918e-01
-3.724000000000000000e+03,1.900412738323211670e-01,-1.442304134368896484e+01,1.699593319843336892e-01
-3.720000000000000000e+03,1.062176674604415894e-01,-1.947606468200683594e+01,2.295957919595130459e-01
-3.716000000000000000e+03,2.145214080810546875e-01,-1.337058830261230469e+01,2.381559205972898496e-01
-3.712000000000000000e+03,2.249288409948348999e-01,-1.295909786224365234e+01,1.875792300417211678e-01
-3.708000000000000000e+03,1.125612258911132812e-01,-1.897222328186035156e+01,2.136031896556962739e-01
-3.704000000000000000e+03,9.895803406834602356e-03,-4.009098052978515625e+01,1.774362221038439658e-01
-3.700000000000000000e+03,1.989105343818664551e-01,-1.402684402465820312e+01,1.307393321607681347e-01
-3.696000000000000000e+03,8.570089191198348999e-02,-2.134029388427734375e+01,1.675088532105813433e-01
-3.692000000000000000e+03,5.860255286097526550e-02,-2.464166831970214844e+01,2.460333311898838526e-01
-3.688000000000000000e+03,2.435279339551925659e-01,-1.226902484893798828e+01,2.348881466570043597e-01
-3.684000000000000000e+03,2.895864844322204590e-01,-1.076443481445312500e+01,2.435288341435974668e-01
-3.680000000000000000e+03,1.592133045196533203e-01,-1.596041297912597656e+01,2.858269080507428450e-01
-3.676000000000000000e+03,1.164775341749191284e-01,-1.867515754699707031e+01,2.883701888947001746e-01
-3.672000000000000000e+03,2.092610150575637817e-01,-1.358623409271240234e+01,2.810333595126123796e-01
-3.668000000000000000e+03,2.525866627693176270e-01,-1.195179176330566406e+01,2.589822865412365061e-01
-3.664000000000000000e+03,2.634539604187011719e-01,-1.158590507507324219e+01,2.631082375067295698e-01
-3.660000000000000000e+03,8.067117631435394287e-02,-2.186563301086425781e+01,2.455175460064306925e-01
-3.656000000000000000e+03,1.311734616756439209e-01,-1.764307975769042969e+01,2.016456031658571124e-01
-3.652000000000000000e+03,1.466059982776641846e-01,-1.667696380615234375e+01,1.867871309562459670e-01
-3.648000000000000000e+03,9.632235020399093628e-02,-2.032545852661132812e+01,1.866268604318002122e-01
-3.644000000000000000e+03,2.105306386947631836e-01,-1.353369331359863281e+01,2.336476497856229684e-01
-3.640000000000000000e+03,8.010032027959823608e-02,-2.192731475830078125e+01,2.038275970683156024e-01
-3.636000000000000000e+03,2.986534237861633301e-01,-1.049664974212646484e+01,1.971577711917416875e-01
-3.632000000000000000e+03,4.039210081100463867e-02,-2.787407112121582031e+01,1.895380989216828294e-01
-3.628000000000000000e+03,7.256557792425155640e-02,-2.278538703918457031e+01,2.177521811171385935e-01
-3.624000000000000000e+03,1.833906769752502441e-01,-1.473245525360107422e+01,1.864025477980025547e-01
-3.620000000000000000e+03,1.805940270423889160e-01,-1.486593246459960938e+01,2.213572649059503961e-01
-3.616000000000000000e+03,1.869914233684539795e-01,-1.456356620788574219e+01,2.420270376846178628e-01
-3.612000000000000000e+03,1.648947894573211670e-01,-1.565586090087890625e+01,2.242362585200929626e-01
-3.608000000000000000e+03,1.461877524852752686e-01,-1.670177841186523438e+01,2.224286084851383738e-01
-3.604000000000000000e+03,1.200229823589324951e-01,-1.841471099853515625e+01,2.113089730221447138e-01
-3.600000000000000000e+03,1.741554886102676392e-01,-1.518125629425048828e+01,2.140018541919651851e-01
-3.596000000000000000e+03,1.473851948976516724e-01,-1.663092231750488281e+01,2.154201225124033892e-01
-3.592000000000000000e+03,1.744863688945770264e-01,-1.516477012634277344e+01,2.327198968321358696e-01
-3.588000000000000000e+03,1.512393802404403687e-01,-1.640670394897460938e+01,2.141966893824329421e-01
-3.584000000000000000e+03,1.816418021917343140e-01,-1.481568336486816406e+01,1.936917053852076354e-01
-3.580000000000000000e+03,1.081790104508399963e-01,-1.931713867187500000e+01,1.914191016039016313e-01
-3.576000000000000000e+03,7.434996962547302246e-02,-2.257438468933105469e+01,1.963024923355473350e-01
-3.572000000000000000e+03,1.663917452096939087e-01,-1.557736396789550781e+01,1.915769728502108860e-01
-3.568000000000000000e+03,1.686331778764724731e-01,-1.546113967895507812e+01,1.688054366075547597e-01
-3.564000000000000000e+03,1.648103147745132446e-01,-1.566031265258789062e+01,1.858561922132193067e-01
-3.560000000000000000e+03,2.707071602344512939e-02,-3.135000419616699219e+01,1.595977727132756319e-01
-3.556000000000000000e+03,1.350818276405334473e-01,-1.738806152343750000e+01,1.440395438184984278e-01
-3.552000000000000000e+03,7.286377251148223877e-02,-2.274976730346679688e+01,1.077779846738205621e-01
-3.548000000000000000e+03,1.132174432277679443e-01,-1.892173385620117188e+01,1.259357508957308358e-01
-3.544000000000000000e+03,3.565287962555885315e-02,-2.895810890197753906e+01,1.457665481955323639e-01
-3.540000000000000000e+03,9.174555540084838867e-02,-2.074830055236816406e+01,1.645014213430144312e-01
-3.536000000000000000e+03,2.057157158851623535e-01,-1.373465061187744141e+01,1.747330017605194796e-01
-3.532000000000000000e+03,1.395941674709320068e-01,-1.710265350341796875e+01,2.216378340229238353e-01
-3.528000000000000000e+03,1.496605724096298218e-01,-1.649785232543945312e+01,2.181725986552914553e-01
-3.524000000000000000e+03,2.027198225259780884e-01,-1.386207580566406250e+01,1.895381240231106268e-01
-3.520000000000000000e+03,7.940298318862915039e-02,-2.200326538085937500e+01,1.740290479074537988e-01
-3.516000000000000000e+03,1.037246435880661011e-01,-1.968236160278320312e+01,1.859021612945858382e-01
-3.512000000000000000e+03,8.435350656509399414e-02,-2.147793769836425781e+01,1.530304778019483669e-01
-3.508000000000000000e+03,1.919505596160888672e-01,-1.433621215820312500e+01,1.374206403717018188e-01
-3.504000000000000000e+03,8.563654124736785889e-02,-2.134681701660156250e+01,1.470421975247024615e-01
-3.500000000000000000e+03,2.380342781543731689e-02,-3.246720886230468750e+01,1.726765536948827451e-01
-3.496000000000000000e+03,1.379949748516082764e-01,-1.720273590087890625e+01,1.554911665814410204e-01
-3.492000000000000000e+03,1.756586730480194092e-01,-1.510660934448242188e+01,1.833349462392617757e-01
-3.488000000000000000e+03,1.307391673326492310e-01,-1.767188644409179688e+01,2.362417903057881519e-01
-3.484000000000000000e+03,1.848112940788269043e-01,-1.466543006896972656e+01,2.151218192367194137e-01
-3.480000000000000000e+03,2.122485041618347168e-01,-1.346310710906982422e+01,1.831096996231730278e-01
-3.476000000000000000e+03,6.276927143335342407e-02,-2.404505729675292969e+01,2.047998391648243044e-01
-3.472000000000000000e+03,6.163701042532920837e-02,-2.420316886901855469e+01,1.814714758584387577e-01
-3.468000000000000000e+03,2.079957127571105957e-01,-1.363891220092773438e+01,1.366210605378084808e-01
-3.464000000000000000e+03,1.017196774482727051e-01,-1.985190010070800781e+01,1.328804489110700093e-01
-3.460000000000000000e+03,5.249904096126556396e-02,-2.559697151184082031e+01,1.215096156163112118e-01
-3.456000000000000000e+03,4.944585636258125305e-02,-2.611740112304687500e+01,8.757236814822691451e-02
-3.452000000000000000e+03,2.113605849444866180e-02,-3.349951934814453125e+01,8.687487268334467827e-02
-3.448000000000000000e+03,8.711707592010498047e-02,-2.119793319702148438e+01,9.013312376947471560e-02
-3.444000000000000000e+03,9.923531860113143921e-02,-2.006667327880859375e+01,1.396034349051165080e-01
-3.440000000000000000e+03,6.410437077283859253e-02,-2.386224746704101562e+01,1.402295534142775635e-01
-3.436000000000000000e+03,2.256505936384201050e-01,-1.293127059936523438e+01,1.573914037556253809e-01
-3.432000000000000000e+03,2.336618490517139435e-02,-3.262824249267578125e+01,1.531373790303568461e-01
-3.428000000000000000e+03,1.482446342706680298e-01,-1.658042144775390625e+01,1.584323641482985878e-01
-3.424000000000000000e+03,8.408321440219879150e-02,-2.150581359863281250e+01,1.371293053569525300e-01
-3.420000000000000000e+03,8.296419680118560791e-02,-2.162218475341796875e+01,1.858143523167189171e-01
-3.416000000000000000e+03,1.497727632522583008e-01,-1.649134254455566406e+01,1.908702902627694431e-01
-3.412000000000000000e+03,1.967739462852478027e-01,-1.412064743041992188e+01,1.992237504786765201e-01
-3.408000000000000000e+03,1.662530153989791870e-01,-1.558460998535156250e+01,2.236119211664098494e-01
-3.404000000000000000e+03,1.138368025422096252e-01,-1.887434577941894531e+01,2.245562870815010770e-01
-3.400000000000000000e+03,1.698306649923324585e-01,-1.539967727661132812e+01,1.875526826671355674e-01
-3.396000000000000000e+03,1.531364321708679199e-01,-1.629842948913574219e+01,1.749457353148711480e-01
-3.392000000000000000e+03,6.497347354888916016e-02,-2.374527931213378906e+01,1.953642428016863497e-01
-3.388000000000000000e+03,1.213492378592491150e-01,-1.831925964355468750e+01,1.907978245326192868e-01
-3.384000000000000000e+03,1.865640133619308472e-01,-1.458344268798828125e+01,1.822140377991810500e-01
-3.380000000000000000e+03,1.535658687353134155e-01,-1.627410697937011719e+01,1.910828575201622137e-01
-3.376000000000000000e+03,1.225624606013298035e-01,-1.823285102844238281e+01,2.272264807442000711e-01
-3.372000000000000000e+03,9.656268358230590820e-02,-2.030381393432617188e+01,2.206962188059576890e-01
-3.368000000000000000e+03,2.500866055488586426e-01,-1.203819179534912109e+01,2.091008631758901892e-01
-3.364000000000000000e+03,1.633043438196182251e-01,-1.574004554748535156e+01,1.924744074625382440e-01
-3.360000000000000000e+03,1.122652068734169006e-01,-1.899509620666503906e+01,1.947364184413306332e-01
-3.356000000000000000e+03,6.334188580513000488e-02,-2.396618080139160156e+01,1.851367078976215996e-01
-3.352000000000000000e+03,1.046195775270462036e-01,-1.960774040222167969e+01,1.584368546891351537e-01
-3.348000000000000000e+03,2.158940881490707397e-01,-1.331518554687500000e+01,1.580224740443580134e-01
-3.344000000000000000e+03,6.820406019687652588e-02,-2.332379531860351562e+01,1.551351551233425830e-01
-3.340000000000000000e+03,1.107892543077468872e-01,-1.911004829406738281e+01,1.464755286095064390e-01
-3.336000000000000000e+03,5.305775254964828491e-02,-2.550502395629882812e+01,1.175751984805894629e-01
-3.332000000000000000e+03,7.377547770738601685e-02,-2.264175796508789062e+01,1.215948741845286757e-01
-3.328000000000000000e+03,1.129560843110084534e-01,-1.894180679321289062e+01,1.257416426007751942e-01
-3.324000000000000000e+03,8.252145349979400635e-02,-2.166866302490234375e+01,1.705004690868754391e-01
-3.320000000000000000e+03,1.255593299865722656e-01,-1.802301979064941406e+01,1.638261082190200224e-01
-3.316000000000000000e+03,2.124809920787811279e-01,-1.345359802246093750e+01,1.476934739398334251e-01
-3.312000000000000000e+03,5.000255256891250610e-02,-2.602015686035156250e+01,1.620267406093326423e-01
-3.308000000000000000e+03,5.549441650509834290e-02,-2.511501312255859375e+01,1.948750839577269300e-01
-3.304000000000000000e+03,1.335740834474563599e-01,-1.748555755615234375e+01,1.719852886135484760e-01
-3.300000000000000000e+03,2.425594776868820190e-01,-1.230363464355468750e+01,2.539090756752104827e-01
-3.296000000000000000e+03,1.309514790773391724e-01,-1.765779304504394531e+01,2.791490622680004030e-01
-3.292000000000000000e+03,3.418009877204895020e-01,-9.324533462524414062e+00,2.788383735295036914e-01
-3.288000000000000000e+03,1.453949064016342163e-01,-1.674901580810546875e+01,2.568164056636126902e-01
-3.284000000000000000e+03,1.324674636125564575e-01,-1.755781555175781250e+01,2.401188417889951188e-01
-3.280000000000000000e+03,1.641210168600082397e-01,-1.569671630859375000e+01,1.566612298924278113e-01
-3.276000000000000000e+03,7.147762924432754517e-02,-2.291659927368164062e+01,1.691384844428263923e-01
-3.272000000000000000e+03,4.453933238983154297e-02,-2.702512550354003906e+01,1.596284989526363940e-01
-3.268000000000000000e+03,1.898367404937744141e-01,-1.443239402770996094e+01,1.847537856171814763e-01
-3.264000000000000000e+03,9.859453141689300537e-02,-2.012294387817382812e+01,1.769253343135355760e-01
-3.260000000000000000e+03,2.536129653453826904e-01,-1.191657066345214844e+01,2.007937422874090660e-01
-3.256000000000000000e+03,4.359403252601623535e-02,-2.721145820617675781e+01,1.775656194409872546e-01
-3.252000000000000000e+03,1.295544952154159546e-01,-1.775094985961914062e+01,1.791502558410306700e-01
-3.248000000000000000e+03,1.071021631360054016e-01,-1.940403366088867188e+01,1.584049173058850735e-01
-3.244000000000000000e+03,1.042387336492538452e-01,-1.963941764831542969e+01,1.907434590236679051e-01
-3.240000000000000000e+03,1.797216385602951050e-01,-1.490799331665039062e+01,2.152322069488540879e-01
-3.236000000000000000e+03,1.587783545255661011e-01,-1.598417377471923828e+01,1.988735500011039048e-01
-3.232000000000000000e+03,2.167792022228240967e-01,-1.327964782714843750e+01,1.916161833721536922e-01
-3.228000000000000000e+03,4.883544147014617920e-02,-2.622529792785644531e+01,1.537399393266211112e-01
-3.224000000000000000e+03,7.838924229145050049e-02,-2.211487007141113281e+01,1.494091272420568772e-01
-3.220000000000000000e+03,4.481297358870506287e-02,-2.697192382812500000e+01,1.064969584096462918e-01
-3.216000000000000000e+03,1.433527469635009766e-01,-1.687187957763671875e+01,1.711072678638058397e-01
-3.212000000000000000e+03,6.393343955278396606e-02,-2.388543891906738281e+01,1.719199746985235477e-01
-3.208000000000000000e+03,2.789662480354309082e-01,-1.108896732330322266e+01,1.989691989915737536e-01
-3.204000000000000000e+03,8.128396421670913696e-02,-2.179990386962890625e+01,1.654198271523403263e-01
-3.200000000000000000e+03,1.411576569080352783e-01,-1.700591087341308594e+01,1.850405443278826945e-01
-3.196000000000000000e+03,2.385565638542175293e-02,-3.244817352294921875e+01,1.201959517436416852e-01
-3.192000000000000000e+03,1.338190585374832153e-01,-1.746964073181152344e+01,1.582115223098348455e-01
-3.188000000000000000e+03,4.800096526741981506e-02,-2.637500000000000000e+01,1.723822321331767160e-01
-3.184000000000000000e+03,2.166888862848281860e-01,-1.328326702117919922e+01,2.015324867193465375e-01
-3.180000000000000000e+03,1.916312873363494873e-01,-1.435067176818847656e+01,1.989787385800143860e-01
-3.176000000000000000e+03,1.276838481426239014e-01,-1.787728118896484375e+01,2.195650899012083213e-01
-3.172000000000000000e+03,1.247230470180511475e-01,-1.808106613159179688e+01,1.999271887065803277e-01
-3.168000000000000000e+03,1.213260069489479065e-01,-1.832092094421386719e+01,1.827294977099661322e-01
-3.164000000000000000e+03,1.467420607805252075e-01,-1.666890907287597656e+01,1.526426074025615531e-01
-3.160000000000000000e+03,1.303760707378387451e-01,-1.769604110717773438e+01,1.499273420345383634e-01
-3.156000000000000000e+03,2.051952108740806580e-02,-3.375665664672851562e+01,1.603313378839524850e-01
-3.152000000000000000e+03,1.150517389178276062e-01,-1.878213691711425781e+01,1.409236209654317062e-01
-3.148000000000000000e+03,1.583832502365112305e-01,-1.600581550598144531e+01,1.200582714582848487e-01
-3.144000000000000000e+03,7.761511206626892090e-02,-2.220107650756835938e+01,1.613331902521795980e-01
-3.140000000000000000e+03,5.605728551745414734e-02,-2.502735900878906250e+01,1.452240937909797525e-01
-3.136000000000000000e+03,1.675336807966232300e-01,-1.551795768737792969e+01,1.521246729093567174e-01
-3.132000000000000000e+03,5.767390877008438110e-02,-2.478041076660156250e+01,1.586837115427374156e-01
-3.128000000000000000e+03,1.829619258642196655e-01,-1.475278663635253906e+01,1.825172965150614890e-01
-3.124000000000000000e+03,1.009772792458534241e-01,-1.991552734375000000e+01,1.576347197390746135e-01
-3.120000000000000000e+03,1.409484148025512695e-01,-1.701879692077636719e+01,1.688500272021802306e-01
-3.116000000000000000e+03,7.890622317790985107e-02,-2.205777359008789062e+01,1.679074351213172556e-01
-3.112000000000000000e+03,9.762090444564819336e-02,-2.020914268493652344e+01,1.877666911648387671e-01
-3.108000000000000000e+03,1.796045750379562378e-01,-1.491365242004394531e+01,1.899244391798692311e-01
-3.104000000000000000e+03,1.717125326395034790e-01,-1.530395984649658203e+01,2.019336650590160542e-01
-3.100000000000000000e+03,1.486339420080184937e-01,-1.655764007568359375e+01,2.225428241650061478e-01
-3.096000000000000000e+03,1.216810196638107300e-01,-1.829554367065429688e+01,1.882607270070328909e-01
-3.092000000000000000e+03,1.710271835327148438e-01,-1.533869743347167969e+01,1.610068811043680048e-01
-3.088000000000000000e+03,5.749764293432235718e-02,-2.480699920654296875e+01,1.557930509941517772e-01
-3.084000000000000000e+03,7.463902235031127930e-02,-2.254068183898925781e+01,1.603176628352887823e-01
-3.080000000000000000e+03,1.300631761550903320e-01,-1.771691322326660156e+01,1.538517693249590867e-01
-3.076000000000000000e+03,1.377969086170196533e-01,-1.721521186828613281e+01,1.824697000244620837e-01
-3.072000000000000000e+03,1.479967832565307617e-01,-1.659495544433593750e+01,1.716694457152189157e-01
-3.068000000000000000e+03,1.594297885894775391e-01,-1.594861030578613281e+01,1.865870861736256825e-01
-3.064000000000000000e+03,3.617037460207939148e-02,-2.883294105529785156e+01,1.571313670836111953e-01
-3.060000000000000000e+03,1.831972450017929077e-01,-1.474162101745605469e+01,1.260225066595247190e-01
-3.056000000000000000e+03,3.288070484995841980e-02,-2.966117858886718750e+01,1.241877177975930918e-01
-3.052000000000000000e+03,3.719237446784973145e-02,-2.859092330932617188e+01,1.665010575563862782e-01
-3.048000000000000000e+03,1.528945863246917725e-01,-1.631215858459472656e+01,1.749862312390936814e-01
-3.044000000000000000e+03,1.868832111358642578e-01,-1.456859397888183594e+01,2.316677788548244521e-01
-3.040000000000000000e+03,2.134199738502502441e-01,-1.341529846191406250e+01,2.698221163890178187e-01
-3.036000000000000000e+03,2.347706258296966553e-01,-1.258712577819824219e+01,2.575246529067176660e-01
-3.032000000000000000e+03,1.730915606021881104e-01,-1.523448181152343750e+01,2.520076686699033175e-01
-3.028000000000000000e+03,1.090931370854377747e-01,-1.924405097961425781e+01,2.433499686906475390e-01
-3.024000000000000000e+03,1.672326624393463135e-01,-1.553357887268066406e+01,1.992114716969318189e-01
-3.020000000000000000e+03,1.825827360153198242e-01,-1.477080535888671875e+01,1.777209700855925667e-01
-3.016000000000000000e+03,7.755689322948455811e-02,-2.220759201049804688e+01,1.620934968105607887e-01
-3.012000000000000000e+03,9.654609113931655884e-02,-2.030530738830566406e+01,1.386381307386506945e-01
-3.008000000000000000e+03,5.343076586723327637e-02,-2.544417190551757812e+01,1.140334895215082966e-01
-3.004000000000000000e+03,8.368868380784988403e-02,-2.154666519165039062e+01,1.151660052801412176e-01
-3.000000000000000000e+03,9.494523704051971436e-02,-2.045053672790527344e+01,1.188018529604554230e-01
-2.996000000000000000e+03,8.159071952104568481e-02,-2.176718521118164062e+01,1.378320967001452069e-01
-2.992000000000000000e+03,1.094963550567626953e-01,-1.921200561523437500e+01,1.624142825983728722e-01
-2.988000000000000000e+03,1.212132200598716736e-01,-1.832900047302246094e+01,1.614077927413676006e-01
-2.984000000000000000e+03,1.712462007999420166e-01,-1.532758140563964844e+01,1.605964790358904437e-01
-2.980000000000000000e+03,9.136029332876205444e-02,-2.078485107421875000e+01,1.800170144168527775e-01
-2.976000000000000000e+03,7.870095968246459961e-02,-2.208040046691894531e+01,1.920235481678725931e-01
-2.972000000000000000e+03,1.786689609289169312e-01,-1.495901870727539062e+01,1.472678405341712182e-01
-2.968000000000000000e+03,1.639784276485443115e-01,-1.570426559448242188e+01,1.567282778977536484e-01
-2.964000000000000000e+03,1.183407008647918701e-02,-3.853731536865234375e+01,1.604065407156210210e-01
-2.960000000000000000e+03,1.250567436218261719e-01,-1.805785751342773438e+01,1.251809269075290498e-01
-2.956000000000000000e+03,9.180229902267456055e-02,-2.074292945861816406e+01,8.369342255311706946e-02
-2.952000000000000000e+03,5.320138484239578247e-02,-2.548154067993164062e+01,1.039712846484215775e-01
-2.948000000000000000e+03,1.620707474648952484e-02,-3.580590820312500000e+01,1.106583803072926364e-01
-2.944000000000000000e+03,8.406032621860504150e-02,-2.150817871093750000e+01,1.225102369686853765e-01
-2.940000000000000000e+03,1.488750278949737549e-01,-1.654356193542480469e+01,1.239825946823696207e-01
-2.936000000000000000e+03,1.340165734291076660e-01,-1.745682907104492188e+01,1.450713589243253498e-01
-2.932000000000000000e+03,5.844566971063613892e-02,-2.466495323181152344e+01,1.537717250554118398e-01
-2.928000000000000000e+03,9.132162481546401978e-02,-2.078852653503417969e+01,1.471113247649608602e-01
-2.924000000000000000e+03,1.150495335459709167e-01,-1.878230285644531250e+01,1.379937017838333835e-01
-2.920000000000000000e+03,1.251518279314041138e-01,-1.805125617980957031e+01,1.488897065351502125e-01
-2.916000000000000000e+03,1.015411689877510071e-01,-1.986715698242187500e+01,1.524230420762886229e-01
-2.912000000000000000e+03,9.725536406040191650e-02,-2.024172782897949219e+01,1.339090332539659978e-01
-2.908000000000000000e+03,1.039067581295967102e-01,-1.966712570190429688e+01,1.384705734789055120e-01
-2.904000000000000000e+03,4.910581931471824646e-02,-2.617733955383300781e+01,1.156289671236108429e-01
-2.900000000000000000e+03,1.413992494344711304e-01,-1.699105834960937500e+01,1.051067435494590779e-01
-2.896000000000000000e+03,2.018329687416553497e-02,-3.390015792846679688e+01,8.728294554850490883e-02
-2.892000000000000000e+03,5.977701395750045776e-02,-2.446931648254394531e+01,8.748262740631551626e-02
-2.888000000000000000e+03,4.042145609855651855e-02,-2.786775970458984375e+01,8.189468143323078153e-02
-2.884000000000000000e+03,4.981705173850059509e-02,-2.605243873596191406e+01,1.191818812554536477e-01
-2.880000000000000000e+03,1.214959472417831421e-01,-1.830876541137695312e+01,1.325532946818572533e-01
-2.876000000000000000e+03,1.529938876628875732e-01,-1.630651855468750000e+01,1.668095143595981766e-01
-2.872000000000000000e+03,1.074036881327629089e-01,-1.937961578369140625e+01,2.401463069345330936e-01
-2.868000000000000000e+03,1.624362170696258545e-01,-1.578634262084960938e+01,2.625746585486748441e-01
-2.864000000000000000e+03,3.110300898551940918e-01,-1.014395236968994141e+01,2.791127802459626439e-01
-2.860000000000000000e+03,2.013818770647048950e-01,-1.391959190368652344e+01,2.706788343937369112e-01
-2.856000000000000000e+03,2.118998318910598755e-01,-1.347738742828369141e+01,2.383933874251251972e-01
-2.852000000000000000e+03,7.736342400312423706e-02,-2.222928619384765625e+01,1.954542743018026218e-01
-2.848000000000000000e+03,4.744100943207740784e-02,-2.647692108154296875e+01,1.707357479069246120e-01
-2.844000000000000000e+03,1.580883562564849854e-01,-1.602200317382812500e+01,1.464019134431435720e-01
-2.840000000000000000e+03,1.133387386798858643e-01,-1.891243171691894531e+01,1.557049146518311999e-01
-2.836000000000000000e+03,1.252268999814987183e-01,-1.804604721069335938e+01,1.718441506065180036e-01
-2.832000000000000000e+03,1.104991137981414795e-01,-1.913282394409179688e+01,1.307988099938394155e-01
-2.828000000000000000e+03,1.049261912703514099e-01,-1.958232116699218750e+01,1.257505509928970311e-01
-2.824000000000000000e+03,1.189191453158855438e-02,-3.849496459960937500e+01,1.797025013712479358e-01
-2.820000000000000000e+03,9.535770863294601440e-02,-2.041288375854492188e+01,1.687389131174797940e-01
-2.816000000000000000e+03,3.173944652080535889e-01,-9.968012809753417969e+00,2.128139767114667902e-01
-2.812000000000000000e+03,7.144869863986968994e-02,-2.292011260986328125e+01,2.613023675813601621e-01
-2.808000000000000000e+03,2.619139850139617920e-01,-1.163682746887207031e+01,2.880264792279885189e-01
-2.804000000000000000e+03,1.845992207527160645e-01,-1.467540264129638672e+01,2.508775208126221568e-01
-2.800000000000000000e+03,1.905443966388702393e-01,-1.440007686614990234e+01,2.677441365278293017e-01
-2.796000000000000000e+03,1.850762665271759033e-01,-1.465298557281494141e+01,2.268655054787626357e-01
-2.792000000000000000e+03,1.315246820449829102e-01,-1.761985588073730469e+01,2.143561043665493104e-01
-2.788000000000000000e+03,1.163113340735435486e-01,-1.868755912780761719e+01,2.011061107297798523e-01
-2.784000000000000000e+03,1.400428861379623413e-01,-1.707477951049804688e+01,1.924305845532450210e-01
-2.780000000000000000e+03,1.433501988649368286e-01,-1.687203407287597656e+01,1.929674915422632531e-01
-2.776000000000000000e+03,1.541755348443984985e-01,-1.623969078063964844e+01,1.987713244365616472e-01
-2.772000000000000000e+03,1.334370523691177368e-01,-1.749447059631347656e+01,1.667458309914846559e-01
-2.768000000000000000e+03,1.369835883378982544e-01,-1.726662826538085938e+01,1.551958524674457718e-01
-2.764000000000000000e+03,2.597358822822570801e-02,-3.170936203002929688e+01,1.484993103045953167e-01
-2.760000000000000000e+03,1.022111624479293823e-01,-1.981003189086914062e+01,1.342799769239016172e-01
-2.756000000000000000e+03,1.303236037492752075e-01,-1.769953918457031250e+01,1.298802656037144343e-01
-2.752000000000000000e+03,8.279023319482803345e-02,-2.164041709899902344e+01,1.582034072274194347e-01
-2.748000000000000000e+03,1.213125735521316528e-01,-1.832188415527343750e+01,1.663944883989491308e-01
-2.744000000000000000e+03,1.268557459115982056e-01,-1.793379783630371094e+01,2.056294549488151269e-01
-2.740000000000000000e+03,1.313863843679428101e-01,-1.762899208068847656e+01,2.436182506587336871e-01
-2.736000000000000000e+03,2.700718045234680176e-01,-1.137041568756103516e+01,2.741044910851527239e-01
-2.732000000000000000e+03,2.180997878313064575e-01,-1.322689533233642578e+01,3.132721188714880367e-01
-2.728000000000000000e+03,2.298993170261383057e-01,-1.276924610137939453e+01,3.399398631703013929e-01
-2.724000000000000000e+03,2.663640975952148438e-01,-1.149048709869384766e+01,3.160286614456727650e-01
-2.720000000000000000e+03,2.263723015785217285e-01,-1.290353393554687500e+01,2.832141736479663052e-01
-2.716000000000000000e+03,1.849042177200317383e-01,-1.466106414794921875e+01,2.365294861364589940e-01
-2.712000000000000000e+03,1.012202277779579163e-01,-1.989465332031250000e+01,2.291179256203659809e-01
-2.708000000000000000e+03,6.361649185419082642e-02,-2.392860603332519531e+01,2.553859505999981905e-01
-2.704000000000000000e+03,2.399653941392898560e-01,-1.239702796936035156e+01,2.433330691544098590e-01
-2.700000000000000000e+03,3.199344873428344727e-01,-9.898778915405273438e+00,2.884583053650570661e-01
-2.696000000000000000e+03,1.419739276170730591e-01,-1.695582962036132812e+01,3.413037199625040263e-01
-2.692000000000000000e+03,2.619485557079315186e-01,-1.163568019866943359e+01,2.941127973149124664e-01
-2.688000000000000000e+03,2.518427670001983643e-01,-1.197741031646728516e+01,2.681414586606595263e-01
-2.684000000000000000e+03,7.187944650650024414e-02,-2.286790657043457031e+01,2.753588847344763946e-01
-2.680000000000000000e+03,2.274290472269058228e-01,-1.286308193206787109e+01,2.852533236921996340e-01
-2.676000000000000000e+03,1.676811575889587402e-01,-1.551031494140625000e+01,3.075079650591172054e-01
-2.672000000000000000e+03,2.971908450126647949e-01,-1.053929138183593750e+01,3.953094375991113574e-01
-2.668000000000000000e+03,3.311099708080291748e-01,-9.600554466247558594e+00,4.621444363925592547e-01
-2.664000000000000000e+03,3.846131861209869385e-01,-8.299516677856445312e+00,5.888088012023418027e-01
-2.660000000000000000e+03,4.654838144779205322e-01,-6.641908168792724609e+00,6.218627126933559124e-01
-2.656000000000000000e+03,6.188378334045410156e-01,-4.168462753295898438e+00,6.291764403947641693e-01
-2.652000000000000000e+03,4.149231910705566406e-01,-7.640645503997802734e+00,5.978445788864804600e-01
-2.648000000000000000e+03,3.571602106094360352e-01,-8.942738533020019531e+00,6.680179044123903953e-01
-2.644000000000000000e+03,2.730144858360290527e-01,-1.127628517150878906e+01,6.229860015855023248e-01
-2.640000000000000000e+03,7.154291272163391113e-01,-2.908668041229248047e+00,5.520714769171989333e-01
-2.636000000000000000e+03,4.584419429302215576e-01,-6.774313449859619141e+00,5.433193453667195527e-01
-2.632000000000000000e+03,1.623378545045852661e-01,-1.579160499572753906e+01,5.028455145841691509e-01
-2.628000000000000000e+03,3.259866237640380859e-01,-9.736004829406738281e+00,3.419001047845934838e-01
-2.624000000000000000e+03,1.288536638021469116e-01,-1.779806518554687500e+01,2.776859251454457111e-01
-2.620000000000000000e+03,1.421692669391632080e-01,-1.694388580322265625e+01,3.008726871142801129e-01
-2.616000000000000000e+03,2.297220826148986816e-01,-1.277594566345214844e+01,2.789689762581257781e-01
-2.612000000000000000e+03,2.449251115322113037e-01,-1.221933364868164062e+01,2.733439784858853749e-01
-2.608000000000000000e+03,2.479693740606307983e-01,-1.211203956604003906e+01,3.054298534154329947e-01
-2.604000000000000000e+03,1.088183894753456116e-01,-1.926595497131347656e+01,3.697769367474139091e-01
-2.600000000000000000e+03,2.564536333084106445e-01,-1.181982231140136719e+01,3.444414967461121302e-01
-2.596000000000000000e+03,4.589153230190277100e-01,-6.765348911285400391e+00,3.730922538377648978e-01
-2.592000000000000000e+03,1.546846330165863037e-01,-1.621105575561523438e+01,3.724636680674338618e-01
-2.588000000000000000e+03,3.500184416770935059e-01,-9.118181228637695312e+00,3.175972486203436640e-01
-2.584000000000000000e+03,1.065794751048088074e-01,-1.944652748107910156e+01,2.106199942625219812e-01
-2.580000000000000000e+03,6.102888658642768860e-02,-2.428929138183593750e+01,2.535178406386113248e-01
-2.576000000000000000e+03,7.788074761629104614e-02,-2.217139816284179688e+01,2.641702590431841413e-01
-2.572000000000000000e+03,3.074793815612792969e-01,-1.024368095397949219e+01,3.315557216884248981e-01
-2.568000000000000000e+03,3.879605233669281006e-01,-8.224249839782714844e+00,4.069887533214562869e-01
-2.564000000000000000e+03,3.465948998928070068e-01,-9.203557014465332031e+00,4.875232014581704076e-01
-2.560000000000000000e+03,3.297083675861358643e-01,-9.637401580810546875e+00,4.862676531431699978e-01
-2.556000000000000000e+03,3.647305965423583984e-01,-8.760556221008300781e+00,4.253869765787834933e-01
-2.552000000000000000e+03,3.030073344707489014e-01,-1.037093734741210938e+01,3.775320082105821373e-01
-2.548000000000000000e+03,1.711140275001525879e-01,-1.533428764343261719e+01,2.920631020562889368e-01
-2.544000000000000000e+03,1.761437356472015381e-01,-1.508265590667724609e+01,3.073744542255001377e-01
-2.540000000000000000e+03,2.528282813727855682e-02,-3.194348907470703125e+01,2.625687152627068643e-01
-2.536000000000000000e+03,4.192669987678527832e-01,-7.550186634063720703e+00,3.183994112865640158e-01
-2.532000000000000000e+03,1.434170007705688477e-01,-1.686798667907714844e+01,3.314309764825593696e-01
-2.528000000000000000e+03,3.699733614921569824e-01,-8.636590957641601562e+00,4.284040677895193383e-01
-2.524000000000000000e+03,2.225599288940429688e-01,-1.305106067657470703e+01,4.091580751864685173e-01
-2.520000000000000000e+03,3.706842958927154541e-01,-8.619916915893554688e+00,5.057696886764895261e-01
-2.516000000000000000e+03,3.507160842418670654e-01,-9.100886344909667969e+00,4.729067321135690949e-01
-2.512000000000000000e+03,4.875309467315673828e-01,-6.239955902099609375e+00,4.858325449944221330e-01
-2.508000000000000000e+03,2.529211640357971191e-01,-1.194029712677001953e+01,4.982584378400576886e-01
-2.504000000000000000e+03,2.685994505882263184e-01,-1.141789817810058594e+01,5.151752103914954972e-01
-2.500000000000000000e+03,4.149431884288787842e-01,-7.640227317810058594e+00,4.443873307933710604e-01
-2.496000000000000000e+03,4.109707176685333252e-01,-7.723782539367675781e+00,4.389745969696046690e-01
-2.492000000000000000e+03,2.353966981172561646e-01,-1.256399250030517578e+01,4.179826369067419778e-01
-2.488000000000000000e+03,2.336419373750686646e-01,-1.262898445129394531e+01,3.721672766838306501e-01
-2.484000000000000000e+03,1.938297003507614136e-01,-1.425159358978271484e+01,3.853935787563683713e-01
-2.480000000000000000e+03,2.517567574977874756e-01,-1.198037719726562500e+01,4.905659630623596112e-01
-2.476000000000000000e+03,4.580805301666259766e-01,-6.781163215637207031e+00,5.892858078175882142e-01
-2.472000000000000000e+03,6.100026369094848633e-01,-4.293365955352783203e+00,6.556453521007393759e-01
-2.468000000000000000e+03,5.852650403976440430e-01,-4.652948856353759766e+00,6.969551984854658322e-01
-2.464000000000000000e+03,4.301909804344177246e-01,-7.326774120330810547e+00,6.767218161201475901e-01
-2.460000000000000000e+03,3.988953232765197754e-01,-7.982821464538574219e+00,6.843073504484561420e-01
-2.456000000000000000e+03,3.860127031803131104e-01,-8.267968177795410156e+00,6.355207091204663206e-01
-2.452000000000000000e+03,6.370210051536560059e-01,-3.916924953460693359e+00,5.607956078250146970e-01
-2.448000000000000000e+03,4.114954173564910889e-01,-7.712699890136718750e+00,4.674996879467609445e-01
-2.444000000000000000e+03,1.640330255031585693e-01,-1.570137405395507812e+01,4.619952711581105098e-01
-2.440000000000000000e+03,6.659130752086639404e-02,-2.353164863586425781e+01,3.343287485793964842e-01
-2.436000000000000000e+03,3.664069175720214844e-01,-8.720726966857910156e+00,2.491374668308328488e-01
-2.432000000000000000e+03,1.822948157787322998e-01,-1.478451347351074219e+01,3.023624003734731169e-01
-2.428000000000000000e+03,1.080587282776832581e-01,-1.932680320739746094e+01,4.572777569364430694e-01
-2.424000000000000000e+03,3.536110818386077881e-01,-9.029482841491699219e+00,4.728188122710628161e-01
-2.420000000000000000e+03,6.183731555938720703e-01,-4.174987316131591797e+00,4.535568112324597778e-01
-2.416000000000000000e+03,4.217614829540252686e-01,-7.498661994934082031e+00,4.569099352565847982e-01
-2.412000000000000000e+03,1.136868819594383240e-01,-1.888579177856445312e+01,4.062457489680497136e-01
-2.408000000000000000e+03,1.200019791722297668e-01,-1.841623115539550781e+01,3.014836977016097097e-01
-2.404000000000000000e+03,1.731539666652679443e-01,-1.523135185241699219e+01,3.195834001375456590e-01
-2.400000000000000000e+03,2.452287524938583374e-01,-1.220857238769531250e+01,4.459562474242812491e-01
-2.396000000000000000e+03,4.862295091152191162e-01,-6.263174057006835938e+00,5.870134508669885287e-01
-2.392000000000000000e+03,5.638052225112915039e-01,-4.977417945861816406e+00,6.575388573857670060e-01
-2.388000000000000000e+03,6.224234700202941895e-01,-4.118280887603759766e+00,6.471852296429339013e-01
-2.384000000000000000e+03,4.243533313274383545e-01,-7.445447444915771484e+00,5.724307178412929575e-01
-2.380000000000000000e+03,2.083509117364883423e-01,-1.362409210205078125e+01,5.080429618292022775e-01
-2.376000000000000000e+03,2.199667990207672119e-01,-1.315285682678222656e+01,4.240366661904272916e-01
-2.372000000000000000e+03,3.344671130180358887e-01,-9.512931823730468750e+00,4.105518277791302961e-01
-2.368000000000000000e+03,3.232074975967407227e-01,-9.810371398925781250e+00,3.972622742922151118e-01
-2.364000000000000000e+03,3.763226568698883057e-01,-8.488792419433593750e+00,4.010852175561052113e-01
-2.360000000000000000e+03,1.610158085823059082e-01,-1.586262893676757812e+01,4.094337432496722995e-01
-2.356000000000000000e+03,2.335834652185440063e-01,-1.263115787506103516e+01,4.721655413383180067e-01
-2.352000000000000000e+03,3.642031252384185791e-01,-8.773126602172851562e+00,5.687265085142670928e-01
-2.348000000000000000e+03,5.466473698616027832e-01,-5.245854854583740234e+00,6.858506238791266529e-01
-2.344000000000000000e+03,7.202562093734741211e-01,-2.850259780883789062e+00,7.513655134853818307e-01
-2.340000000000000000e+03,5.781917572021484375e-01,-4.758562088012695312e+00,8.238737570870054983e-01
-2.336000000000000000e+03,4.669362306594848633e-01,-6.614848136901855469e+00,7.470395752613737672e-01
-2.332000000000000000e+03,6.224650144577026367e-01,-4.117701530456542969e+00,6.313226041008844769e-01
-2.328000000000000000e+03,2.729772329330444336e-01,-1.127747154235839844e+01,6.123808157008263642e-01
-2.324000000000000000e+03,3.080922663211822510e-01,-1.022638416290283203e+01,5.848423405252484164e-01
-2.320000000000000000e+03,5.107243657112121582e-01,-5.836268424987792969e+00,4.340607623896604594e-01
-2.316000000000000000e+03,3.688489198684692383e-01,-8.663029670715332031e+00,4.499224131595985776e-01
-2.312000000000000000e+03,8.540697395801544189e-02,-2.137013435363769531e+01,5.051118262742505527e-01
-2.308000000000000000e+03,3.294737040996551514e-01,-9.643584251403808594e+00,5.041897671612931564e-01
-2.304000000000000000e+03,5.046674609184265137e-01,-5.939893722534179688e+00,4.128547666358811652e-01
-2.300000000000000000e+03,5.074401497840881348e-01,-5.892303466796875000e+00,5.189363999595310029e-01
-2.296000000000000000e+03,4.352936148643493652e-02,-2.722435379028320312e+01,4.586908585463345678e-01
-2.292000000000000000e+03,4.632515013217926025e-01,-6.683663368225097656e+00,4.187717065636547553e-01
-2.288000000000000000e+03,1.148894503712654114e-01,-1.879439735412597656e+01,3.112564198361370549e-01
-2.284000000000000000e+03,3.624823093414306641e-01,-8.814263343811035156e+00,3.597298580992831507e-01
-2.280000000000000000e+03,1.244891956448554993e-01,-1.809736633300781250e+01,2.523933855759670775e-01
-2.276000000000000000e+03,2.161834090948104858e-01,-1.330355262756347656e+01,2.940405177536848380e-01
-2.272000000000000000e+03,8.093745261430740356e-02,-2.183700942993164062e+01,3.499716027542867369e-01
-2.268000000000000000e+03,2.632293701171875000e-01,-1.159331321716308594e+01,4.350198984032012661e-01
-2.264000000000000000e+03,5.616992115974426270e-01,-5.009923458099365234e+00,3.852903721443579066e-01
-2.260000000000000000e+03,4.274165928363800049e-01,-7.382972240447998047e+00,4.094824274688078636e-01
-2.256000000000000000e+03,3.905539214611053467e-02,-2.816637992858886719e+01,3.989973100802385875e-01
-2.252000000000000000e+03,1.671053916215896606e-01,-1.554019069671630859e+01,3.117296863386475603e-01
-2.248000000000000000e+03,2.258831858634948730e-01,-1.292232131958007812e+01,2.079223867030333406e-01
-2.244000000000000000e+03,2.508669495582580566e-01,-1.201113224029541016e+01,2.729583494348188366e-01
-2.240000000000000000e+03,5.767285078763961792e-02,-2.478057098388671875e+01,2.801548953043127566e-01
-2.236000000000000000e+03,2.707023024559020996e-01,-1.135016250610351562e+01,2.948563497161583724e-01
-2.232000000000000000e+03,1.927382498979568481e-01,-1.430064201354980469e+01,2.615475123084108344e-01
-2.228000000000000000e+03,2.782472372055053711e-01,-1.111138343811035156e+01,3.456885963388865446e-01
-2.224000000000000000e+03,1.322266012430191040e-01,-1.757362365722656250e+01,2.968835472972078948e-01
-2.220000000000000000e+03,3.573689162731170654e-01,-8.937664985656738281e+00,3.588950306313542504e-01
-2.216000000000000000e+03,9.686711430549621582e-02,-2.027647209167480469e+01,3.717209481968752338e-01
-2.212000000000000000e+03,4.136124849319458008e-01,-7.668127536773681641e+00,4.030367071392526035e-01
-2.208000000000000000e+03,3.239309489727020264e-01,-9.790950775146484375e+00,4.319124776128945298e-01
-2.204000000000000000e+03,2.437679469585418701e-01,-1.226046752929687500e+01,4.400531049146318430e-01
-2.200000000000000000e+03,4.602194428443908691e-01,-6.740700721740722656e+00,3.633335027395701577e-01
-2.196000000000000000e+03,1.258626282215118408e-01,-1.800206375122070312e+01,2.929854106146846382e-01
-2.192000000000000000e+03,1.403504610061645508e-01,-1.705572319030761719e+01,2.892842343768459723e-01
-2.188000000000000000e+03,7.336314767599105835e-02,-2.269044113159179688e+01,2.361834441287515851e-01
-2.184000000000000000e+03,2.305849939584732056e-01,-1.274337863922119141e+01,2.931217992224048330e-01
-2.180000000000000000e+03,2.710835635662078857e-01,-1.133793640136718750e+01,3.859462599009464978e-01
-2.176000000000000000e+03,3.286672532558441162e-01,-9.664871215820312500e+00,4.394077848591290691e-01
-2.172000000000000000e+03,4.709752202033996582e-01,-6.540038585662841797e+00,4.438757846135304441e-01
-2.168000000000000000e+03,2.637839019298553467e-01,-1.157503509521484375e+01,4.790788970834234939e-01
-2.164000000000000000e+03,2.464992403984069824e-01,-1.216368770599365234e+01,5.636486612053555056e-01
-2.160000000000000000e+03,3.964709937572479248e-01,-8.035772323608398438e+00,5.522344646711992988e-01
-2.156000000000000000e+03,6.298902034759521484e-01,-4.014702796936035156e+00,6.397974569132123257e-01
-2.152000000000000000e+03,4.303198158740997314e-01,-7.324173450469970703e+00,7.677641172636224809e-01
-2.148000000000000000e+03,5.756682157516479492e-01,-4.796555042266845703e+00,8.309387463736226387e-01
-2.144000000000000000e+03,7.022944688796997070e-01,-3.069615125656127930e+00,8.437044288796684555e-01
-2.140000000000000000e+03,6.214881539344787598e-01,-4.131342887878417969e+00,9.212454250752373230e-01
-2.136000000000000000e+03,6.753593683242797852e-01,-3.409301280975341797e+00,9.578665841362902222e-01
-2.132000000000000000e+03,7.065075039863586426e-01,-3.017664432525634766e+00,8.754893209561186440e-01
-2.128000000000000000e+03,7.061064839363098145e-01,-3.022596359252929688e+00,8.131596644744328861e-01
-2.124000000000000000e+03,4.088808298110961914e-01,-7.768064498901367188e+00,7.253267482126011245e-01
-2.120000000000000000e+03,3.994806408882141113e-01,-7.970085144042968750e+00,6.426943624878456163e-01
-2.116000000000000000e+03,3.625136315822601318e-01,-8.813513755798339844e+00,5.697381588064620583e-01
-2.112000000000000000e+03,4.121851623058319092e-01,-7.698153495788574219e+00,6.193486038920240633e-01
-2.108000000000000000e+03,4.462490379810333252e-01,-7.008454322814941406e+00,6.553966973573739363e-01
-2.104000000000000000e+03,5.855847001075744629e-01,-4.648205757141113281e+00,5.911298381885058406e-01
-2.100000000000000000e+03,5.278777480125427246e-01,-5.549333095550537109e+00,5.143105373259628799e-01
-2.096000000000000000e+03,1.336061358451843262e-01,-1.748347282409667969e+01,4.406403067977333610e-01
-2.092000000000000000e+03,1.385680288076400757e-01,-1.716673851013183594e+01,3.149051048049635870e-01
-2.088000000000000000e+03,1.838483512401580811e-01,-1.471080589294433594e+01,2.081822262242503663e-01
-2.084000000000000000e+03,1.377375423908233643e-01,-1.721895408630371094e+01,2.432891416558342901e-01
-2.080000000000000000e+03,1.477492153644561768e-01,-1.660949707031250000e+01,2.920623495364025879e-01
-2.076000000000000000e+03,2.586509287357330322e-01,-1.174571990966796875e+01,3.075037522028252757e-01
-2.072000000000000000e+03,3.122898042201995850e-01,-1.010884380340576172e+01,3.809022263070100389e-01
-2.068000000000000000e+03,2.388479709625244141e-01,-1.243756866455078125e+01,5.329225055160018432e-01
-2.064000000000000000e+03,3.991702795028686523e-01,-7.976836204528808594e+00,5.109467535621835532e-01
-2.060000000000000000e+03,6.892192959785461426e-01,-3.232851505279541016e+00,4.620514523370030102e-01
-2.056000000000000000e+03,1.803770810365676880e-01,-1.487637329101562500e+01,4.631654997201633539e-01
-2.052000000000000000e+03,1.381331533193588257e-01,-1.719404220581054688e+01,5.026608224623010379e-01
-2.048000000000000000e+03,2.428160160779953003e-01,-1.229445362091064453e+01,4.252369244272206084e-01
-2.044000000000000000e+03,5.398458242416381836e-01,-5.354605197906494141e+00,5.180163656950792506e-01
-2.040000000000000000e+03,4.134486913681030273e-01,-7.671567916870117188e+00,5.225490058095274559e-01
-2.036000000000000000e+03,5.108414888381958008e-01,-5.834277153015136719e+00,5.720726041386198224e-01
-2.032000000000000000e+03,1.542776376008987427e-01,-1.623394012451171875e+01,4.799418172325842780e-01
-2.028000000000000000e+03,4.192105531692504883e-01,-7.551355838775634766e+00,4.370339470196771825e-01
-2.024000000000000000e+03,2.116918116807937622e-01,-1.348591899871826172e+01,4.237163175858152386e-01
-2.020000000000000000e+03,2.606182396411895752e-01,-1.167990493774414062e+01,5.714920499503027829e-01
-2.016000000000000000e+03,4.634063839912414551e-01,-6.680759906768798828e+00,5.695608381372120332e-01
-2.012000000000000000e+03,6.806293725967407227e-01,-3.341786623001098633e+00,7.229425225656289644e-01
-2.008000000000000000e+03,4.123319089412689209e-01,-7.695060729980468750e+00,8.027465965506699330e-01
-2.004000000000000000e+03,7.580109834671020508e-01,-2.406490087509155273e+00,7.827816655880750485e-01
-2.000000000000000000e+03,5.448666214942932129e-01,-5.274196147918701172e+00,6.521148572045089020e-01
-1.996000000000000000e+03,3.922947347164154053e-01,-8.127750396728515625e+00,6.513037882379524302e-01
-1.992000000000000000e+03,2.152166813611984253e-01,-1.334248161315917969e+01,5.453543432164446036e-01
-1.988000000000000000e+03,4.094430208206176758e-01,-7.756130695343017578e+00,4.655535156827269039e-01
-1.984000000000000000e+03,3.806372880935668945e-01,-8.389773368835449219e+00,4.272949737547697135e-01
-1.980000000000000000e+03,2.606298029422760010e-01,-1.167951774597167969e+01,4.669562127508128935e-01
-1.976000000000000000e+03,2.560243904590606689e-01,-1.183437347412109375e+01,4.289700715168796585e-01
-1.972000000000000000e+03,3.564831912517547607e-01,-8.959218978881835938e+00,4.222337017553207672e-01
-1.968000000000000000e+03,2.741429209709167480e-01,-1.124045944213867188e+01,4.850195683193561091e-01
-1.964000000000000000e+03,3.566434979438781738e-01,-8.955314636230468750e+00,4.831077180742089361e-01
-1.960000000000000000e+03,4.842622578144073486e-01,-6.298387527465820312e+00,4.246384771044836581e-01
-1.956000000000000000e+03,2.492147088050842285e-01,-1.206852722167968750e+01,5.353091492671813167e-01
-1.952000000000000000e+03,1.482258141040802002e-01,-1.658152389526367188e+01,5.954365236174238296e-01
-1.948000000000000000e+03,6.683328151702880859e-01,-3.500144481658935547e+00,6.324536744356358264e-01
-1.944000000000000000e+03,5.708068609237670898e-01,-4.870216369628906250e+00,6.437428323909895056e-01
-1.940000000000000000e+03,6.161109805107116699e-01,-4.206821441650390625e+00,7.881025574712481330e-01
-1.936000000000000000e+03,2.894247472286224365e-01,-1.076928615570068359e+01,6.249478015801009922e-01
-1.932000000000000000e+03,6.624103188514709473e-01,-3.577458381652832031e+00,5.653788754274639006e-01
-1.928000000000000000e+03,8.720364421606063843e-02,-2.118930816650390625e+01,5.168330488302366188e-01
-1.924000000000000000e+03,3.586325943470001221e-01,-8.907004356384277344e+00,6.250945110582007969e-01
-1.920000000000000000e+03,4.431990981101989746e-01,-7.068022727966308594e+00,6.414022895036722849e-01
-1.916000000000000000e+03,6.750334501266479492e-01,-3.413494110107421875e+00,6.824350767877400692e-01
-1.912000000000000000e+03,7.204958200454711914e-01,-2.847370624542236328e+00,6.078876538568838139e-01
-1.908000000000000000e+03,2.333553731441497803e-01,-1.263964462280273438e+01,5.667980725007291110e-01
-1.904000000000000000e+03,9.310749918222427368e-02,-2.062030792236328125e+01,5.801346786139757183e-01
-1.900000000000000000e+03,2.968450784683227539e-01,-1.054940223693847656e+01,4.121838514912084528e-01
-1.896000000000000000e+03,7.225361466407775879e-01,-2.822808742523193359e+00,4.275484772572636372e-01
-1.892000000000000000e+03,1.222838684916496277e-01,-1.825261688232421875e+01,4.964440125113943059e-01
-1.888000000000000000e+03,2.880815267562866211e-01,-1.080969238281250000e+01,5.328041585594823770e-01
-1.884000000000000000e+03,3.385015428066253662e-01,-9.408786773681640625e+00,4.615304617449687008e-01
-1.880000000000000000e+03,4.263536632061004639e-01,-7.404600143432617188e+00,4.648356817860042067e-01
-1.876000000000000000e+03,4.686715006828308105e-01,-6.582629203796386719e+00,4.918269709378973453e-01
-1.872000000000000000e+03,1.340564936399459839e-01,-1.745424270629882812e+01,4.738222857731659854e-01
-1.868000000000000000e+03,3.842198550701141357e-01,-8.308403968811035156e+00,4.979275299015024081e-01
-1.864000000000000000e+03,2.743719518184661865e-01,-1.123320579528808594e+01,5.947963493546114533e-01
-1.860000000000000000e+03,5.122123956680297852e-01,-5.810997962951660156e+00,7.492999420966480750e-01
-1.856000000000000000e+03,8.137015700340270996e-01,-1.790696978569030762e+00,7.155018820454789319e-01
-1.852000000000000000e+03,6.843717098236083984e-01,-3.294159173965454102e+00,7.581184752906885427e-01
-1.848000000000000000e+03,2.638369798660278320e-01,-1.157328701019287109e+01,8.650002877448192962e-01
-1.844000000000000000e+03,4.261649250984191895e-01,-7.408446311950683594e+00,7.647569243825655949e-01
-1.840000000000000000e+03,8.929070234298706055e-01,-9.838752746582031250e-01,7.394024574990235577e-01
-1.836000000000000000e+03,4.566519558429718018e-01,-6.808293342590332031e+00,8.153115011032263659e-01
-1.832000000000000000e+03,5.940634608268737793e-01,-4.523343086242675781e+00,8.596464125855728389e-01
-1.828000000000000000e+03,5.342119336128234863e-01,-5.445728778839111328e+00,7.407360294186369210e-01
-1.824000000000000000e+03,5.840782523155212402e-01,-4.670579433441162109e+00,6.319955440940629998e-01
-1.820000000000000000e+03,4.693686962127685547e-01,-6.569717407226562500e+00,5.813167404074306432e-01
-1.816000000000000000e+03,6.933705508708953857e-02,-2.318069267272949219e+01,5.291246218441563176e-01
-1.812000000000000000e+03,4.135542809963226318e-01,-7.669349670410156250e+00,4.359441559828731716e-01
-1.808000000000000000e+03,3.483125865459442139e-01,-9.160615921020507812e+00,3.827269704142673423e-01
-1.804000000000000000e+03,2.521854639053344727e-01,-1.196559906005859375e+01,4.336848057554230640e-01
-1.800000000000000000e+03,2.798182368278503418e-01,-1.106247997283935547e+01,4.405988015869364283e-01
-1.796000000000000000e+03,2.508400976657867432e-01,-1.201206111907958984e+01,3.621971025349918771e-01
-1.792000000000000000e+03,4.381807446479797363e-01,-7.166934013366699219e+00,4.115490865860776948e-01
-1.788000000000000000e+03,6.905922293663024902e-02,-2.321556472778320312e+01,3.493898740283290505e-01
-1.784000000000000000e+03,4.279687404632568359e-01,-7.371759414672851562e+00,3.316543347391557872e-01
-1.780000000000000000e+03,5.841781571507453918e-02,-2.466909408569335938e+01,2.900915328997747955e-01
-1.776000000000000000e+03,1.876691579818725586e-01,-1.453214168548583984e+01,4.020744324013492688e-01
-1.772000000000000000e+03,2.901411950588226318e-01,-1.074781227111816406e+01,3.565088983217653551e-01
-1.768000000000000000e+03,4.679230451583862305e-01,-6.596511840820312500e+00,4.515232106955464064e-01
-1.764000000000000000e+03,2.656721472740173340e-01,-1.151308059692382812e+01,4.149555040790103289e-01
-1.760000000000000000e+03,3.968424499034881592e-01,-8.027637481689453125e+00,3.906712658529066795e-01
-1.756000000000000000e+03,5.742127820849418640e-02,-2.481854248046875000e+01,4.544145008716116707e-01
-1.752000000000000000e+03,2.036449164152145386e-01,-1.382252788543701172e+01,5.946654485465348028e-01
-1.748000000000000000e+03,6.949654817581176758e-01,-3.160735368728637695e+00,6.155666878659106223e-01
-1.744000000000000000e+03,7.652218937873840332e-01,-2.324252367019653320e+00,7.078129925883788198e-01
-1.740000000000000000e+03,4.712890684604644775e-01,-6.534252643585205078e+00,7.143096604491392387e-01
-1.736000000000000000e+03,3.859867453575134277e-01,-8.268551826477050781e+00,6.001419661441256270e-01
-1.732000000000000000e+03,2.267849296331405640e-01,-1.288771629333496094e+01,5.712593429807059087e-01
-1.728000000000000000e+03,2.883197963237762451e-01,-1.080251121520996094e+01,5.612963101880640293e-01
-1.724000000000000000e+03,6.623469591140747070e-01,-3.578289031982421875e+00,5.383590689618527048e-01
-1.720000000000000000e+03,4.358024597167968750e-01,-7.214206695556640625e+00,4.965495577397574523e-01
-1.716000000000000000e+03,3.042882382869720459e-01,-1.033429622650146484e+01,5.228055089326383298e-01
-1.712000000000000000e+03,7.786664366722106934e-02,-2.217296981811523438e+01,5.993573833674246121e-01
-1.708000000000000000e+03,3.818389773368835449e-01,-8.362394332885742188e+00,6.651157610064983849e-01
-1.704000000000000000e+03,9.350115656852722168e-01,-5.836603641510009766e-01,8.500143421179132686e-01
-1.700000000000000000e+03,6.700224876403808594e-01,-3.478212356567382812e+00,9.999999999985962340e-01
-1.696000000000000000e+03,9.628651738166809082e-01,-3.286904096603393555e-01,9.605532610698831464e-01
-1.692000000000000000e+03,6.120897531509399414e-01,-4.263697624206542969e+00,7.508924436107221601e-01
-1.688000000000000000e+03,2.413364797830581665e-01,-1.234754085540771484e+01,5.883153071326301387e-01
-1.684000000000000000e+03,1.882358044385910034e-01,-1.450595474243164062e+01,3.653402531159255506e-01
-1.680000000000000000e+03,9.095069766044616699e-02,-2.082387924194335938e+01,2.866393534122547160e-01
-1.676000000000000000e+03,1.686663925647735596e-01,-1.545942878723144531e+01,3.773211520338482505e-01
-1.672000000000000000e+03,3.317706882953643799e-01,-9.583239555358886719e+00,3.930301944901634648e-01
-1.668000000000000000e+03,5.643294453620910645e-01,-4.969346046447753906e+00,4.286288552586586809e-01
-1.664000000000000000e+03,2.441887110471725464e-01,-1.224548816680908203e+01,4.279892792465411211e-01
-1.660000000000000000e+03,2.177470028400421143e-01,-1.324095630645751953e+01,4.239641565327785244e-01
-1.656000000000000000e+03,1.663883328437805176e-01,-1.557754325866699219e+01,3.824561343759069754e-01
-1.652000000000000000e+03,3.174338936805725098e-01,-9.966934204101562500e+00,3.347410102453137193e-01
-1.648000000000000000e+03,4.164850115776062012e-01,-7.608012676239013672e+00,4.217405758398828364e-01
-1.644000000000000000e+03,7.423564791679382324e-02,-2.258774948120117188e+01,5.011521555333655620e-01
-1.640000000000000000e+03,5.276244878768920898e-01,-5.553501129150390625e+00,5.326543469632688543e-01
-1.636000000000000000e+03,4.492387175559997559e-01,-6.950456619262695312e+00,5.525870393254805890e-01
-1.632000000000000000e+03,4.296392798423767090e-01,-7.337920665740966797e+00,5.888629198805869214e-01
-1.628000000000000000e+03,4.874818325042724609e-01,-6.240830898284912109e+00,5.154122180723814672e-01
-1.624000000000000000e+03,2.034440934658050537e-01,-1.383109855651855469e+01,4.003131551623909101e-01
-1.620000000000000000e+03,2.660057246685028076e-01,-1.150218009948730469e+01,3.701783556424327881e-01
-1.616000000000000000e+03,3.927565738558769226e-02,-2.811753082275390625e+01,3.072720942637301444e-01
-1.612000000000000000e+03,3.223043084144592285e-01,-9.834678649902343750e+00,3.355601315407162888e-01
-1.608000000000000000e+03,2.634205520153045654e-01,-1.158700752258300781e+01,3.375452026506318703e-01
-1.604000000000000000e+03,3.042012155055999756e-01,-1.033678150177001953e+01,3.556676166492241942e-01
-1.600000000000000000e+03,2.730762064456939697e-01,-1.127432346343994141e+01,3.520517810821895965e-01
-1.596000000000000000e+03,1.038245782256126404e-01,-1.967399597167968750e+01,3.809807916841052022e-01
-1.592000000000000000e+03,3.094253242015838623e-01,-1.018888282775878906e+01,4.356785682346996369e-01
-1.588000000000000000e+03,3.664607107639312744e-01,-8.719451904296875000e+00,4.816902467241021002e-01
-1.584000000000000000e+03,4.990252852439880371e-01,-6.037549018859863281e+00,5.196627516074060482e-01
-1.580000000000000000e+03,4.369618892669677734e-01,-7.191128730773925781e+00,4.666520252821054204e-01
-1.576000000000000000e+03,2.390761077404022217e-01,-1.242927646636962891e+01,4.639761126774489264e-01
-1.572000000000000000e+03,1.206102371215820312e-01,-1.837231636047363281e+01,4.569660369476227224e-01
-1.568000000000000000e+03,3.569295704364776611e-01,-8.948349952697753906e+00,4.835712577734634920e-01
-1.564000000000000000e+03,4.740566015243530273e-01,-6.483396530151367188e+00,6.842972764087829063e-01
-1.560000000000000000e+03,5.317251086235046387e-01,-5.486256599426269531e+00,8.253219839614723830e-01
-1.556000000000000000e+03,9.540276527404785156e-01,-4.087807238101959229e-01,8.751024075486650844e-01
-1.552000000000000000e+03,6.229159832000732422e-01,-4.111410617828369141e+00,8.949685811273196956e-01
-1.548000000000000000e+03,5.342388749122619629e-01,-5.445290565490722656e+00,8.522400689828821818e-01
-1.544000000000000000e+03,5.448164939880371094e-01,-5.274994850158691406e+00,6.639937941228806206e-01
-1.540000000000000000e+03,3.795334994792938232e-01,-8.414997100830078125e+00,6.136600513964872716e-01
-1.536000000000000000e+03,2.835268080234527588e-01,-1.094811630249023438e+01,5.438695895810194969e-01
-1.532000000000000000e+03,4.436358511447906494e-01,-7.059467315673828125e+00,4.034487826362473384e-01
-1.528000000000000000e+03,2.856572568416595459e-01,-1.088309478759765625e+01,3.911256801372785530e-01
-1.524000000000000000e+03,4.466173797845840454e-02,-2.700128746032714844e+01,4.928753299764020435e-01
-1.520000000000000000e+03,3.356407284736633301e-01,-9.482506752014160156e+00,4.222820282791108770e-01
-1.516000000000000000e+03,6.459415555000305176e-01,-3.796135902404785156e+00,4.760773248303986627e-01
-1.512000000000000000e+03,1.921946555376052856e-01,-1.432517433166503906e+01,5.056384625957447421e-01
-1.508000000000000000e+03,4.772668480873107910e-01,-6.424774646759033203e+00,5.150607185959225065e-01
-1.504000000000000000e+03,1.499534249305725098e-01,-1.648087310791015625e+01,3.913980243530900682e-01
-1.500000000000000000e+03,3.692011833190917969e-01,-8.654738426208496094e+00,4.450738339246810837e-01
-1.496000000000000000e+03,2.054763138294219971e-01,-1.374476432800292969e+01,3.937348375865996619e-01
-1.492000000000000000e+03,3.833786547183990479e-01,-8.327441215515136719e+00,4.588686749687827526e-01
-1.488000000000000000e+03,2.944061756134033203e-01,-1.062106132507324219e+01,4.723281358366168692e-01
-1.484000000000000000e+03,3.819489479064941406e-01,-8.359893798828125000e+00,5.107864600280956902e-01
-1.480000000000000000e+03,4.171414673328399658e-01,-7.594332695007324219e+00,4.525412618518196983e-01
-1.476000000000000000e+03,3.424582481384277344e-01,-9.307847023010253906e+00,4.640211404552746499e-01
-1.472000000000000000e+03,1.759192794561386108e-01,-1.509373188018798828e+01,4.683709334027947868e-01
-1.468000000000000000e+03,3.352955281734466553e-01,-9.491444587707519531e+00,5.182352961644086653e-01
-1.464000000000000000e+03,3.974421620368957520e-01,-8.014521598815917969e+00,5.120320472598477446e-01
-1.460000000000000000e+03,5.947497487068176270e-01,-4.513315200805664062e+00,5.746428020802757386e-01
-1.456000000000000000e+03,3.203633427619934082e-01,-9.887144088745117188e+00,5.959471368608660891e-01
-1.452000000000000000e+03,3.989280164241790771e-01,-7.982109069824218750e+00,5.406443405970335903e-01
-1.448000000000000000e+03,4.111779034137725830e-01,-7.719404697418212891e+00,4.493448167561854278e-01
-1.444000000000000000e+03,2.004631161689758301e-01,-1.395931053161621094e+01,4.236540744121193303e-01
-1.440000000000000000e+03,2.695565521717071533e-01,-1.138700294494628906e+01,3.996229129642378530e-01
-1.436000000000000000e+03,2.288573384284973145e-01,-1.280870342254638672e+01,3.761192580206793035e-01
-1.432000000000000000e+03,3.133331537246704102e-01,-1.007987213134765625e+01,4.460716742480383412e-01
-1.428000000000000000e+03,3.274619281291961670e-01,-9.696784019470214844e+00,5.496776248726816805e-01
-1.424000000000000000e+03,4.496215879917144775e-01,-6.943056583404541016e+00,6.014290795045310611e-01
-1.420000000000000000e+03,6.385831236839294434e-01,-3.895651340484619141e+00,5.943455653642291114e-01
-1.416000000000000000e+03,4.131871163845062256e-01,-7.677064418792724609e+00,6.080221870507356297e-01
-1.412000000000000000e+03,2.881028950214385986e-01,-1.080904769897460938e+01,5.407339819791268098e-01
-1.408000000000000000e+03,3.761757016181945801e-01,-8.492184638977050781e+00,4.384948794001605754e-01
-1.404000000000000000e+03,2.099525779485702515e-01,-1.355757617950439453e+01,4.646589593674491092e-01
-1.400000000000000000e+03,2.744250297546386719e-01,-1.123152637481689453e+01,5.198845938423553026e-01
-1.396000000000000000e+03,5.063790678977966309e-01,-5.910485267639160156e+00,4.501458493352103463e-01
-1.392000000000000000e+03,4.848071038722991943e-01,-6.288619995117187500e+00,4.838255185023613847e-01
-1.388000000000000000e+03,1.277782917022705078e-01,-1.787085914611816406e+01,5.690608302469973845e-01
-1.384000000000000000e+03,3.299137651920318604e-01,-9.631991386413574219e+00,4.609406534969516245e-01
-1.380000000000000000e+03,5.780185461044311523e-01,-4.761164665222167969e+00,3.949859283063875681e-01
-1.376000000000000000e+03,1.212735995650291443e-01,-1.832467460632324219e+01,4.307487942481293963e-01
-1.372000000000000000e+03,2.498877197504043579e-01,-1.204510211944580078e+01,3.739308381527148284e-01
-1.368000000000000000e+03,2.551594674587249756e-01,-1.186376571655273438e+01,3.852227991008349006e-01
-1.364000000000000000e+03,1.275379806756973267e-01,-1.788720893859863281e+01,4.271546274886064976e-01
-1.360000000000000000e+03,6.182385683059692383e-01,-4.176877975463867188e+00,4.557987912719017598e-01
-1.356000000000000000e+03,2.706275582313537598e-01,-1.135256004333496094e+01,4.739286488897168637e-01
-1.352000000000000000e+03,3.519133031368255615e-01,-9.071286201477050781e+00,5.191421730971440551e-01
-1.348000000000000000e+03,3.197349011898040771e-01,-9.904198646545410156e+00,4.023616920947127307e-01
-1.344000000000000000e+03,2.885807752609252930e-01,-1.079465293884277344e+01,4.559985065982826158e-01
-1.340000000000000000e+03,2.022865861654281616e-01,-1.388065814971923828e+01,3.637645590995208789e-01
-1.336000000000000000e+03,4.616726636886596680e-01,-6.713316917419433594e+00,4.142088736151856576e-01
-1.332000000000000000e+03,2.339185029268264771e-02,-3.261870956420898438e+01,3.699294864910386282e-01
-1.328000000000000000e+03,4.994088709354400635e-01,-6.030874729156494141e+00,3.623932137147038990e-01
-1.324000000000000000e+03,1.308652162551879883e-01,-1.766351509094238281e+01,2.764954836586911435e-01
-1.320000000000000000e+03,1.754436790943145752e-01,-1.511724567413330078e+01,3.725124254990670458e-01
-1.316000000000000000e+03,1.557197272777557373e-01,-1.615312767028808594e+01,3.824131063451594037e-01
-1.312000000000000000e+03,3.653876781463623047e-01,-8.744921684265136719e+00,4.115757652202126637e-01
-1.308000000000000000e+03,5.346733927726745605e-01,-5.438228130340576172e+00,5.041738695903801304e-01
-1.304000000000000000e+03,2.347375899553298950e-01,-1.258834743499755859e+01,6.594385083370239986e-01
-1.300000000000000000e+03,5.052621960639953613e-01,-5.929664611816406250e+00,7.232247672029051833e-01
-1.296000000000000000e+03,7.087456583976745605e-01,-2.990191936492919922e+00,7.069860595194796815e-01
-1.292000000000000000e+03,5.925833582878112793e-01,-4.545011043548583984e+00,7.339266730723017496e-01
-1.288000000000000000e+03,4.768339097499847412e-01,-6.432657241821289062e+00,7.431914427147292557e-01
-1.284000000000000000e+03,3.306954205036163330e-01,-9.611435890197753906e+00,6.229427852940465637e-01
-1.280000000000000000e+03,5.382617115974426270e-01,-5.380130290985107422e+00,4.775608966069335715e-01
-1.276000000000000000e+03,2.804406285285949707e-01,-1.104318141937255859e+01,4.245764682107801558e-01
-1.272000000000000000e+03,7.475808262825012207e-02,-2.252683639526367188e+01,3.526747734177020921e-01
-1.268000000000000000e+03,2.881124913692474365e-01,-1.080875873565673828e+01,3.475871658369642514e-01
-1.264000000000000000e+03,7.459395378828048706e-02,-2.254592895507812500e+01,2.891632224854128741e-01
-1.260000000000000000e+03,5.201405286788940430e-01,-5.677586078643798828e+00,3.254531012700652703e-01
-1.256000000000000000e+03,7.234459370374679565e-02,-2.281187820434570312e+01,4.091931627989021658e-01
-1.252000000000000000e+03,2.040163874626159668e-01,-1.380669784545898438e+01,5.130094236442257483e-01
-1.248000000000000000e+03,5.863801836967468262e-01,-4.636414051055908203e+00,5.102102964978504351e-01
-1.244000000000000000e+03,4.443696141242980957e-01,-7.045112609863281250e+00,6.070924385337418405e-01
-1.240000000000000000e+03,5.101705193519592285e-01,-5.845692634582519531e+00,7.724596405427887058e-01
-1.236000000000000000e+03,4.174221158027648926e-01,-7.588490962982177734e+00,7.793848232439393175e-01
-1.232000000000000000e+03,7.930259108543395996e-01,-2.014252662658691406e+00,8.845922365923660768e-01
-1.228000000000000000e+03,6.110464930534362793e-01,-4.278514862060546875e+00,8.974878273541990747e-01
-1.224000000000000000e+03,8.191003203392028809e-01,-1.733258008956909180e+00,9.224038727005293703e-01
-1.220000000000000000e+03,5.561023950576782227e-01,-5.096904754638671875e+00,7.305586973700868292e-01
-1.216000000000000000e+03,5.061687827110290527e-01,-5.914092540740966797e+00,7.547968033555434442e-01
-1.212000000000000000e+03,1.097064018249511719e-01,-1.919536209106445312e+01,7.245476584650074603e-01
-1.208000000000000000e+03,6.973784565925598145e-01,-3.130629301071166992e+00,6.421153311194788271e-01
-1.204000000000000000e+03,7.113580703735351562e-01,-2.958234786987304688e+00,6.449911682290809800e-01
-1.200000000000000000e+03,2.624926269054412842e-01,-1.161765861511230469e+01,7.328060532986402364e-01
-1.196000000000000000e+03,5.164120197296142578e-01,-5.740073204040527344e+00,7.693501509764776314e-01
-1.192000000000000000e+03,4.224879145622253418e-01,-7.483714103698730469e+00,6.549058807732897058e-01
-1.188000000000000000e+03,8.275422453880310059e-01,-1.644196629524230957e+00,6.461132438855523574e-01
-1.184000000000000000e+03,3.037272691726684570e-01,-1.035032367706298828e+01,5.463569109753628750e-01
-1.180000000000000000e+03,2.311747670173645020e-01,-1.272119140625000000e+01,4.766416070181720976e-01
-1.176000000000000000e+03,1.610971242189407349e-01,-1.585824489593505859e+01,3.519670993238642187e-01
-1.172000000000000000e+03,1.741739958524703979e-01,-1.518033409118652344e+01,3.340142653417371710e-01
-1.168000000000000000e+03,3.834730982780456543e-01,-8.325302124023437500e+00,3.476002457726115602e-01
-1.164000000000000000e+03,2.397823631763458252e-01,-1.240365505218505859e+01,3.263076877452107394e-01
-1.160000000000000000e+03,2.795656919479370117e-01,-1.107032299041748047e+01,3.148215505191016006e-01
-1.156000000000000000e+03,8.525669574737548828e-02,-2.138543128967285156e+01,3.806165762427013988e-01
-1.152000000000000000e+03,1.332623511552810669e-01,-1.750585174560546875e+01,3.997449184538529043e-01
-1.148000000000000000e+03,6.178236603736877441e-01,-4.182709693908691406e+00,4.363123186237918283e-01
-1.144000000000000000e+03,3.079142272472381592e-01,-1.023140430450439453e+01,5.393948459096939985e-01
-1.140000000000000000e+03,4.098124802112579346e-01,-7.748296260833740234e+00,5.699237085604451636e-01
-1.136000000000000000e+03,4.524189233779907227e-01,-6.889184951782226562e+00,5.010391823741718875e-01
-1.132000000000000000e+03,2.420009076595306396e-01,-1.232365989685058594e+01,5.449752070680246030e-01
-1.128000000000000000e+03,3.724688291549682617e-01,-8.578201293945312500e+00,5.485182484945626546e-01
-1.124000000000000000e+03,4.644067883491516113e-01,-6.662029266357421875e+00,5.123913867489098273e-01
-1.120000000000000000e+03,4.224321842193603516e-01,-7.484860420227050781e+00,5.025338929092741935e-01
-1.116000000000000000e+03,3.237412571907043457e-01,-9.796038627624511719e+00,5.199756534551167597e-01
-1.112000000000000000e+03,2.068902105093002319e-01,-1.368520164489746094e+01,4.684508228802041763e-01
-1.108000000000000000e+03,4.345933794975280762e-01,-7.238337993621826172e+00,5.058826743863971132e-01
-1.104000000000000000e+03,2.808842062950134277e-01,-1.102945327758789062e+01,5.931855405325595632e-01
-1.100000000000000000e+03,5.557579994201660156e-01,-5.102285861968994141e+00,6.588177291107254474e-01
-1.096000000000000000e+03,6.346990466117858887e-01,-3.948643207550048828e+00,5.719433150513837383e-01
-1.092000000000000000e+03,4.406607747077941895e-01,-7.117912292480468750e+00,6.048877424816623272e-01
-1.088000000000000000e+03,1.251616626977920532e-01,-1.805057334899902344e+01,5.726212878808276674e-01
-1.084000000000000000e+03,3.982265889644622803e-01,-7.997394561767578125e+00,4.702467714662524334e-01
-1.080000000000000000e+03,4.408304393291473389e-01,-7.114568233489990234e+00,4.538799209941251633e-01
-1.076000000000000000e+03,2.700586318969726562e-01,-1.137083911895751953e+01,4.991074434310983632e-01
-1.072000000000000000e+03,3.823648691177368164e-01,-8.350440025329589844e+00,5.948221745402025862e-01
-1.068000000000000000e+03,2.862543165683746338e-01,-1.086495876312255859e+01,5.932697349048293711e-01
-1.064000000000000000e+03,7.391459941864013672e-01,-2.625395774841308594e+00,6.242113528829104085e-01
-1.060000000000000000e+03,4.353009164333343506e-01,-7.224207878112792969e+00,6.016225027396875369e-01
-1.056000000000000000e+03,3.802673518657684326e-01,-8.398219108581542969e+00,6.136089699910010076e-01
-1.052000000000000000e+03,3.019072711467742920e-01,-1.040252876281738281e+01,5.000160900144906551e-01
-1.048000000000000000e+03,3.289480507373809814e-01,-9.657453536987304688e+00,4.728336953259373310e-01
-1.044000000000000000e+03,3.345476984977722168e-01,-9.510839462280273438e+00,4.373520574136474659e-01
-1.040000000000000000e+03,3.384819030761718750e-01,-9.409290313720703125e+00,4.613935271811947514e-01
-1.036000000000000000e+03,2.538878619670867920e-01,-1.190716171264648438e+01,4.332501912680877254e-01
-1.032000000000000000e+03,3.875388503074645996e-01,-8.233695030212402344e+00,5.046579966439670439e-01
-1.028000000000000000e+03,2.287063300609588623e-01,-1.281443595886230469e+01,4.747278239630876584e-01
-1.024000000000000000e+03,5.888900160789489746e-01,-4.599316596984863281e+00,4.857073809084809235e-01
-1.020000000000000000e+03,2.318757772445678711e-01,-1.269489288330078125e+01,4.944111420076715557e-01
-1.016000000000000000e+03,2.929951548576354980e-01,-1.066279220581054688e+01,4.942875300266799665e-01
-1.012000000000000000e+03,4.185401499271392822e-01,-7.565257549285888672e+00,4.431998910190191321e-01
-1.008000000000000000e+03,2.282660454511642456e-01,-1.283117389678955078e+01,4.536433567717962356e-01
-1.004000000000000000e+03,4.069246351718902588e-01,-7.809720516204833984e+00,4.629251451822431473e-01
-1.000000000000000000e+03,2.690736055374145508e-01,-1.140257835388183594e+01,3.986900393194882097e-01
-9.960000000000000000e+02,3.260552883148193359e-01,-9.734174728393554688e+00,3.941117689929483636e-01
-9.920000000000000000e+02,1.897457540035247803e-01,-1.443655872344970703e+01,3.166960582068881203e-01
-9.880000000000000000e+02,2.119590342044830322e-01,-1.347496128082275391e+01,3.050135399607185049e-01
-9.840000000000000000e+02,1.311831921339035034e-01,-1.764243698120117188e+01,2.923389338017194916e-01
-9.800000000000000000e+02,2.274624854326248169e-01,-1.286180496215820312e+01,3.430652377568116362e-01
-9.760000000000000000e+02,2.809105217456817627e-01,-1.102864074707031250e+01,4.582011275990007793e-01
-9.720000000000000000e+02,3.704241216182708740e-01,-8.626014709472656250e+00,5.134207921176719980e-01
-9.680000000000000000e+02,6.220532655715942383e-01,-4.123448848724365234e+00,5.289284500026605329e-01
-9.640000000000000000e+02,3.278661370277404785e-01,-9.686068534851074219e+00,5.288722311716264057e-01
-9.600000000000000000e+02,2.826980948448181152e-01,-1.097354316711425781e+01,6.221944280611707567e-01
-9.560000000000000000e+02,2.807102799415588379e-01,-1.103483390808105469e+01,5.842827376619661450e-01
-9.520000000000000000e+02,7.028217315673828125e-01,-3.063096523284912109e+00,5.731172962768863455e-01
-9.480000000000000000e+02,4.870183467864990234e-01,-6.249093532562255859e+00,6.432854927443911741e-01
-9.440000000000000000e+02,2.880967557430267334e-01,-1.080923271179199219e+01,5.923297261792397350e-01
-9.400000000000000000e+02,5.326251387596130371e-01,-5.471567153930664062e+00,5.161563059707529044e-01
-9.360000000000000000e+02,9.921460598707199097e-02,-2.006848907470703125e+01,6.556076392973194666e-01
-9.320000000000000000e+02,4.315051138401031494e-01,-7.300281047821044922e+00,7.342347575376685365e-01
-9.280000000000000000e+02,9.837200045585632324e-01,-1.425699591636657715e-01,6.330572278071356918e-01
-9.240000000000000000e+02,5.681530237197875977e-01,-4.910693645477294922e+00,6.981620667649020007e-01
-9.200000000000000000e+02,1.722481846809387207e-01,-1.527690696716308594e+01,7.603184982936338487e-01
-9.160000000000000000e+02,3.311068415641784668e-01,-9.600637435913085938e+00,5.489351999438992769e-01
-9.120000000000000000e+02,6.528956294059753418e-01,-3.703124761581420898e+00,4.261952132675746463e-01
-9.080000000000000000e+02,2.308090627193450928e-01,-1.273494243621826172e+01,4.438726804036310924e-01
-9.040000000000000000e+02,1.309743076562881470e-01,-1.765627861022949219e+01,3.792275008827450944e-01
-9.000000000000000000e+02,2.352122813463211060e-01,-1.257079982757568359e+01,3.004591871112602397e-01
-8.960000000000000000e+02,1.008518338203430176e-01,-1.992632293701171875e+01,4.605070033227993131e-01
-8.920000000000000000e+02,3.723364472389221191e-01,-8.581289291381835938e+00,5.340581066584633163e-01
-8.880000000000000000e+02,8.008718490600585938e-01,-1.928739428520202637e+00,5.528522777454510928e-01
-8.840000000000000000e+02,3.929506838321685791e-01,-8.113239288330078125e+00,5.528362985948978015e-01
-8.800000000000000000e+02,3.021538853645324707e-01,-1.039543628692626953e+01,5.151583275895429415e-01
-8.760000000000000000e+02,1.007949188351631165e-01,-1.993122673034667969e+01,3.208280711671845919e-01
-8.720000000000000000e+02,2.381339967250823975e-01,-1.246357154846191406e+01,4.003702703235745841e-01
-8.680000000000000000e+02,1.087009087204933167e-01,-1.927533721923828125e+01,4.498101010046691162e-01
-8.640000000000000000e+02,6.762663125991821289e-01,-3.397644996643066406e+00,5.890074225248297379e-01
-8.600000000000000000e+02,4.782500565052032471e-01,-6.406899452209472656e+00,7.210201903826074510e-01
-8.560000000000000000e+02,5.965918302536010742e-01,-4.486454010009765625e+00,8.611718765532493380e-01
-8.520000000000000000e+02,7.083407640457153320e-01,-2.995155334472656250e+00,7.446600686828200866e-01
-8.480000000000000000e+02,6.078971028327941895e-01,-4.323398590087890625e+00,6.391328275844072593e-01
-8.440000000000000000e+02,2.612712979316711426e-01,-1.165816497802734375e+01,5.489144557056432339e-01
-8.400000000000000000e+02,1.023801788687705994e-01,-1.979568290710449219e+01,3.927441323440825638e-01
-8.360000000000000000e+02,2.752495110034942627e-01,-1.120546913146972656e+01,3.364915817253334995e-01
-8.320000000000000000e+02,1.520889401435852051e-01,-1.635804748535156250e+01,3.759816415347846941e-01
-8.280000000000000000e+02,4.075351953506469727e-01,-7.796697616577148438e+00,4.336160027419399543e-01
-8.240000000000000000e+02,4.019280970096588135e-01,-7.917032718658447266e+00,4.201959720335413095e-01
-8.200000000000000000e+02,3.076638579368591309e-01,-1.023847103118896484e+01,4.995840567906431606e-01
-8.160000000000000000e+02,2.274496704339981079e-01,-1.286229324340820312e+01,3.936362240129224754e-01
-8.120000000000000000e+02,4.348556399345397949e-01,-7.233098030090332031e+00,3.790200809868818355e-01
-8.080000000000000000e+02,3.016724251210689545e-02,-3.040928840637207031e+01,4.824751971321304955e-01
-8.040000000000000000e+02,3.498679101467132568e-01,-9.121917724609375000e+00,5.545870515373223508e-01
-8.000000000000000000e+02,6.761531829833984375e-01,-3.399098157882690430e+00,5.493837682103355213e-01
-7.960000000000000000e+02,4.842996895313262939e-01,-6.297716140747070312e+00,6.679992624187089945e-01
-7.920000000000000000e+02,4.163224399089813232e-01,-7.611403465270996094e+00,6.355579638228296968e-01
-7.880000000000000000e+02,4.526552259922027588e-01,-6.884649276733398438e+00,5.285721143177868342e-01
-7.840000000000000000e+02,2.343175858259201050e-01,-1.260390281677246094e+01,5.408156285564792443e-01
-7.800000000000000000e+02,2.950879931449890137e-01,-1.060096931457519531e+01,5.479526254721898137e-01
-7.760000000000000000e+02,5.279089808464050293e-01,-5.548818588256835938e+00,5.772923037993601403e-01
-7.720000000000000000e+02,4.417431950569152832e-01,-7.096602916717529297e+00,5.731781295870566062e-01
-7.680000000000000000e+02,5.571581125259399414e-01,-5.080430984497070312e+00,5.867722847162373245e-01
-7.640000000000000000e+02,2.196636050939559937e-01,-1.316483688354492188e+01,5.435252691128991120e-01
-7.600000000000000000e+02,3.435080349445343018e-01,-9.281262397766113281e+00,4.574401903672473124e-01
-7.560000000000000000e+02,3.738705515861511230e-01,-8.545575141906738281e+00,3.631906170456321026e-01
-7.520000000000000000e+02,1.351229548454284668e-01,-1.738541793823242188e+01,3.283851258339167134e-01
-7.480000000000000000e+02,2.214573472738265991e-01,-1.309419822692871094e+01,2.974501471834775645e-01
-7.440000000000000000e+02,9.569243341684341431e-02,-2.038244628906250000e+01,3.846734752722192896e-01
-7.400000000000000000e+02,2.333229631185531616e-01,-1.264085006713867188e+01,4.203405290642108771e-01
-7.360000000000000000e+02,6.845450401306152344e-01,-3.291959524154663086e+00,4.846450780268569125e-01
-7.320000000000000000e+02,2.621628642082214355e-01,-1.162857818603515625e+01,6.403637660412772048e-01
-7.280000000000000000e+02,4.504990875720977783e-01,-6.926121711730957031e+00,6.243277942227060118e-01
-7.240000000000000000e+02,6.503356099128723145e-01,-3.737249374389648438e+00,5.293076196196507821e-01
-7.200000000000000000e+02,1.762055903673171997e-01,-1.507960510253906250e+01,5.457547277234613414e-01
-7.160000000000000000e+02,3.460995256900787354e-01,-9.215979576110839844e+00,5.189810261145125780e-01
-7.120000000000000000e+02,3.207446336746215820e-01,-9.876811981201171875e+00,4.119521109265802949e-01
-7.080000000000000000e+02,3.551357686519622803e-01,-8.992111206054687500e+00,4.512910977930732481e-01
-7.040000000000000000e+02,2.691170275211334229e-01,-1.140117645263671875e+01,4.401358224862352286e-01
-7.000000000000000000e+02,3.163242936134338379e-01,-9.997348785400390625e+00,3.949386811439910550e-01
-6.960000000000000000e+02,3.063663542270660400e-01,-1.027517795562744141e+01,3.434812395354647219e-01
-6.920000000000000000e+02,1.597601920366287231e-01,-1.593062877655029297e+01,4.169084464072892460e-01
-6.880000000000000000e+02,1.718532145023345947e-01,-1.529684638977050781e+01,4.250646951642340632e-01
-6.840000000000000000e+02,5.306521058082580566e-01,-5.503802299499511719e+00,3.982230607246309284e-01
-6.800000000000000000e+02,3.453754484653472900e-01,-9.234170913696289062e+00,4.371870657289976814e-01
-6.760000000000000000e+02,2.107610702514648438e-01,-1.352419281005859375e+01,4.606052252096142219e-01
-6.720000000000000000e+02,2.985432744026184082e-01,-1.049985408782958984e+01,3.252292770682161382e-01
-6.680000000000000000e+02,2.552646696567535400e-01,-1.186018753051757812e+01,2.570551505724780195e-01
-6.640000000000000000e+02,4.846626892685890198e-02,-2.629120826721191406e+01,2.656035170995648675e-01
-6.600000000000000000e+02,1.025509387254714966e-01,-1.978120613098144531e+01,2.608841307297438128e-01
-6.560000000000000000e+02,2.412088811397552490e-01,-1.235213375091552734e+01,2.465895662782753295e-01
-6.520000000000000000e+02,2.817336320877075195e-01,-1.100322628021240234e+01,3.558457635738045965e-01
-6.480000000000000000e+02,2.043498903512954712e-01,-1.379251289367675781e+01,3.370153847231694422e-01
-6.440000000000000000e+02,4.376180469989776611e-01,-7.178095817565917969e+00,3.593955164945892289e-01
-6.400000000000000000e+02,3.548036888241767883e-02,-2.900023651123046875e+01,3.165114298844822205e-01
-6.360000000000000000e+02,3.209230601787567139e-01,-9.871981620788574219e+00,3.104179746249325911e-01
-6.320000000000000000e+02,1.289878934621810913e-01,-1.778902053833007812e+01,2.649185409717766393e-01
-6.280000000000000000e+02,1.826460510492324829e-01,-1.476779460906982422e+01,3.563808590764530049e-01
-6.240000000000000000e+02,2.755568921566009521e-01,-1.119577407836914062e+01,3.353558488003762772e-01
-6.200000000000000000e+02,3.612534105777740479e-01,-8.843761444091796875e+00,4.183831678387538999e-01
-6.160000000000000000e+02,2.460355907678604126e-01,-1.218004131317138672e+01,4.076912899897463527e-01
-6.120000000000000000e+02,4.247169196605682373e-01,-7.438008785247802734e+00,4.355761816026625932e-01
-6.080000000000000000e+02,1.445634216070175171e-01,-1.679883193969726562e+01,3.989436808798347278e-01
-6.040000000000000000e+02,3.748780786991119385e-01,-8.522199630737304688e+00,4.085145749844781848e-01
-6.000000000000000000e+02,2.307747453451156616e-01,-1.273623466491699219e+01,4.317017929625835970e-01
-5.960000000000000000e+02,2.801254689693450928e-01,-1.105294799804687500e+01,5.232965639802862334e-01
-5.920000000000000000e+02,5.073058009147644043e-01,-5.894603729248046875e+00,4.931863471252452280e-01
-5.880000000000000000e+02,4.708082377910614014e-01,-6.543118953704833984e+00,5.229009361938296019e-01
-5.840000000000000000e+02,2.676306664943695068e-01,-1.144928169250488281e+01,4.956611136221385494e-01
-5.800000000000000000e+02,3.366129994392395020e-01,-9.457382202148437500e+00,4.719666041561975112e-01
-5.760000000000000000e+02,1.831019073724746704e-01,-1.474614238739013672e+01,4.818615786110462818e-01
-5.720000000000000000e+02,4.229100346565246582e-01,-7.475039958953857422e+00,5.765274214598773428e-01
-5.680000000000000000e+02,5.060524344444274902e-01,-5.916089534759521484e+00,6.278454999414943005e-01
-5.640000000000000000e+02,6.048141121864318848e-01,-4.367561817169189453e+00,6.042471498617206782e-01
-5.600000000000000000e+02,5.193991661071777344e-01,-5.689974784851074219e+00,5.699792412857873636e-01
-5.560000000000000000e+02,9.904864430427551270e-02,-2.008302879333496094e+01,5.179750738464182769e-01
-5.520000000000000000e+02,3.008536398410797119e-01,-1.043289375305175781e+01,4.039222436748229339e-01
-5.480000000000000000e+02,3.208225369453430176e-01,-9.874702453613281250e+00,3.584391845197074100e-01
-5.440000000000000000e+02,1.985775530338287354e-01,-1.404139709472656250e+01,4.884615764991702691e-01
-5.400000000000000000e+02,3.573963344097137451e-01,-8.936997413635253906e+00,5.114357502927554533e-01
-5.360000000000000000e+02,5.621660351753234863e-01,-5.002707958221435547e+00,5.171077609473999637e-01
-5.320000000000000000e+02,3.826836943626403809e-01,-8.343200683593750000e+00,5.402943430226687660e-01
-5.280000000000000000e+02,3.410252630710601807e-01,-9.344268798828125000e+00,4.508842109703745660e-01
-5.240000000000000000e+02,2.811641693115234375e-01,-1.102080154418945312e+01,3.711013225903607160e-01
-5.200000000000000000e+02,3.893282637000083923e-02,-2.819368171691894531e+01,3.177567640101710555e-01
-5.160000000000000000e+02,2.779931128025054932e-01,-1.111931991577148438e+01,3.025003672334634630e-01
-5.120000000000000000e+02,1.926795542240142822e-01,-1.430328750610351562e+01,2.609866637867760408e-01
-5.080000000000000000e+02,2.866846024990081787e-01,-1.085191249847412109e+01,3.972532210439372324e-01
-5.040000000000000000e+02,1.332994997501373291e-01,-1.750342941284179688e+01,4.366569821447582322e-01
-5.000000000000000000e+02,5.242908596992492676e-01,-5.608554363250732422e+00,5.125270013959406512e-01
-4.960000000000000000e+02,4.183425307273864746e-01,-7.569359779357910156e+00,4.914885827738703084e-01
-4.920000000000000000e+02,4.629155099391937256e-01,-6.689965248107910156e+00,4.784058294913204890e-01
-4.880000000000000000e+02,2.117493748664855957e-01,-1.348355770111083984e+01,3.728402480537938990e-01
-4.840000000000000000e+02,8.670098334550857544e-02,-2.123951911926269531e+01,2.929291750493653868e-01
-4.800000000000000000e+02,1.482844203710556030e-01,-1.657809066772460938e+01,2.992814511305221803e-01
-4.760000000000000000e+02,1.337130367755889893e-01,-1.747652435302734375e+01,4.337141555998284548e-01
-4.720000000000000000e+02,4.855412244796752930e-01,-6.275477886199951172e+00,5.606750331167816848e-01
-4.680000000000000000e+02,6.905755400657653809e-01,-3.215775966644287109e+00,6.371077887261448192e-01
-4.640000000000000000e+02,5.389137864112854004e-01,-5.369613647460937500e+00,6.953206855484682647e-01
-4.600000000000000000e+02,4.205247461795806885e-01,-7.524168968200683594e+00,5.906770356249745335e-01
-4.560000000000000000e+02,3.410573601722717285e-01,-9.343451499938964844e+00,4.240165829564355726e-01
-4.520000000000000000e+02,1.128185465931892395e-01,-1.895239067077636719e+01,3.402362671046184617e-01
-4.480000000000000000e+02,9.695968031883239746e-02,-2.026817512512207031e+01,2.866264324523165596e-01
-4.440000000000000000e+02,2.405027151107788086e-01,-1.237760066986083984e+01,3.367693624920401474e-01
-4.400000000000000000e+02,2.295757383108139038e-01,-1.278148078918457031e+01,4.230667804904492679e-01
-4.360000000000000000e+02,5.196578502655029297e-01,-5.685649871826171875e+00,4.498420258372052283e-01
-4.320000000000000000e+02,4.201951026916503906e-01,-7.530980110168457031e+00,4.070233138039069942e-01
-4.280000000000000000e+02,1.923284977674484253e-01,-1.431912612915039062e+01,5.135445567990157834e-01
-4.240000000000000000e+02,8.798982948064804077e-02,-2.111135101318359375e+01,5.853540017532995465e-01
-4.200000000000000000e+02,6.089860796928405762e-01,-4.307852745056152344e+00,5.920699724212342696e-01
-4.160000000000000000e+02,7.754307389259338379e-01,-2.209139823913574219e+00,7.026879190349273330e-01
-4.120000000000000000e+02,4.441162347793579102e-01,-7.050066947937011719e+00,8.368813002166369808e-01
-4.080000000000000000e+02,5.863305926322937012e-01,-4.637148857116699219e+00,8.409205717685123149e-01
-4.040000000000000000e+02,5.659635663032531738e-01,-4.944230079650878906e+00,6.933321295236657411e-01
-4.000000000000000000e+02,6.233732700347900391e-01,-4.105036735534667969e+00,6.772854310282997448e-01
-3.960000000000000000e+02,2.497460991144180298e-01,-1.205002593994140625e+01,7.069929707792554918e-01
-3.920000000000000000e+02,3.869606554508209229e-01,-8.246664047241210938e+00,6.432825433266295967e-01
-3.880000000000000000e+02,6.921437382698059082e-01,-3.196074485778808594e+00,7.100027240059435529e-01
-3.840000000000000000e+02,3.390379846096038818e-01,-9.395032882690429688e+00,8.488272202949795897e-01
-3.800000000000000000e+02,8.610190749168395996e-01,-1.299744606018066406e+00,8.881533343126042368e-01
-3.760000000000000000e+02,7.442150712013244629e-01,-2.566030979156494141e+00,7.822662914405014156e-01
-3.720000000000000000e+02,5.270335078239440918e-01,-5.563235282897949219e+00,8.412185759188488543e-01
-3.680000000000000000e+02,3.149923086166381836e-01,-1.003400039672851562e+01,6.540888083819278442e-01
-3.640000000000000000e+02,5.490158796310424805e-01,-5.208302021026611328e+00,5.405892973495327603e-01
-3.600000000000000000e+02,1.944950371980667114e-01,-1.422182941436767578e+01,5.074768074932753947e-01
-3.560000000000000000e+02,3.399493396282196045e-01,-9.371715545654296875e+00,4.531778821708188354e-01
-3.520000000000000000e+02,4.090925157070159912e-01,-7.763569355010986328e+00,4.171824849694743542e-01
-3.480000000000000000e+02,1.215888783335685730e-01,-1.830212402343750000e+01,4.960313952419171946e-01
-3.440000000000000000e+02,4.208064675331115723e-01,-7.518351554870605469e+00,4.619296288327391364e-01
-3.400000000000000000e+02,4.753412902355194092e-01,-6.459889411926269531e+00,4.951027135356030340e-01
-3.360000000000000000e+02,2.184847146272659302e-01,-1.321157932281494141e+01,5.755295560350923711e-01
-3.320000000000000000e+02,5.272493362426757812e-01,-5.559679031372070312e+00,5.128927668505086634e-01
-3.280000000000000000e+02,4.080554544925689697e-01,-7.785616397857666016e+00,4.650849975336339148e-01
-3.240000000000000000e+02,1.977050006389617920e-01,-1.407964706420898438e+01,4.465435601720221248e-01
-3.200000000000000000e+02,3.050582408905029297e-01,-1.031234550476074219e+01,3.683874869578269151e-01
-3.160000000000000000e+02,1.524433046579360962e-01,-1.633783340454101562e+01,3.316562832374854164e-01
-3.120000000000000000e+02,2.488708496093750000e-01,-1.208051872253417969e+01,3.159862986027607290e-01
-3.080000000000000000e+02,2.772252261638641357e-01,-1.114334583282470703e+01,4.222610246594347694e-01
-3.040000000000000000e+02,1.418912112712860107e-01,-1.696088981628417969e+01,5.538011033475405132e-01
-3.000000000000000000e+02,6.835905313491821289e-01,-3.304079532623291016e+00,6.774415326239520141e-01
-2.960000000000000000e+02,6.209664344787597656e-01,-4.138637542724609375e+00,7.736757126790692052e-01
-2.920000000000000000e+02,6.892567873001098633e-01,-3.232379198074340820e+00,8.399277433635640167e-01
-2.880000000000000000e+02,6.199948191642761230e-01,-4.152238845825195312e+00,7.898032210375290907e-01
-2.840000000000000000e+02,3.778695464134216309e-01,-8.453162193298339844e+00,6.791749535534565840e-01
-2.800000000000000000e+02,5.050556063652038574e-01,-5.933216094970703125e+00,5.079600748229615714e-01
-2.760000000000000000e+02,2.269275784492492676e-01,-1.288225364685058594e+01,3.851154653957439278e-01
-2.720000000000000000e+02,7.941884547472000122e-02,-2.200152969360351562e+01,3.688883713062274805e-01
-2.680000000000000000e+02,1.824434548616409302e-01,-1.477743339538574219e+01,3.573824876236159076e-01
-2.640000000000000000e+02,3.200714290142059326e-01,-9.895061492919921875e+00,3.899078048817707365e-01
-2.600000000000000000e+02,4.640736281871795654e-01,-6.668262481689453125e+00,4.299627200282624684e-01
-2.560000000000000000e+02,3.427771627902984619e-01,-9.299762725830078125e+00,4.229715205721097382e-01
-2.520000000000000000e+02,2.220875620841979980e-01,-1.306951522827148438e+01,3.709605339115332190e-01
-2.480000000000000000e+02,1.575420051813125610e-01,-1.605207252502441406e+01,2.537002663107315037e-01
-2.440000000000000000e+02,1.348172426223754883e-01,-1.740509223937988281e+01,3.194816284904886672e-01
-2.400000000000000000e+02,4.641272872686386108e-02,-2.666725921630859375e+01,4.183313354822203456e-01
-2.360000000000000000e+02,5.770790576934814453e-01,-4.775294303894042969e+00,4.050146578108275719e-01
-2.320000000000000000e+02,5.741732120513916016e-01,-4.819141387939453125e+00,4.804705620740101213e-01
-2.280000000000000000e+02,1.101102903485298157e-01,-1.916344070434570312e+01,5.948694175190277766e-01
-2.240000000000000000e+02,4.035781919956207275e-01,-7.881445884704589844e+00,5.535871241348364613e-01
-2.200000000000000000e+02,4.538817703723907471e-01,-6.861145496368408203e+00,5.302734869994020217e-01
-2.160000000000000000e+02,4.300386309623718262e-01,-7.329850673675537109e+00,5.787696023107412602e-01
-2.120000000000000000e+02,4.911340475082397461e-01,-6.175999164581298828e+00,5.491405463572404111e-01
-2.080000000000000000e+02,2.828451097011566162e-01,-1.096902656555175781e+01,4.857416318066560268e-01
-2.040000000000000000e+02,2.980445921421051025e-01,-1.051437473297119141e+01,4.815288257175507902e-01
-2.000000000000000000e+02,2.280657440423965454e-01,-1.283879852294921875e+01,4.238941402836204353e-01
-1.960000000000000000e+02,4.150333404541015625e-01,-7.638339996337890625e+00,4.752183769821805015e-01
-1.920000000000000000e+02,2.858492136001586914e-01,-1.087726020812988281e+01,4.321908064274406214e-01
-1.880000000000000000e+02,4.656532108783721924e-01,-6.638748168945312500e+00,4.589584209401583181e-01
-1.840000000000000000e+02,1.447877883911132812e-01,-1.678536224365234375e+01,4.106672734289581461e-01
-1.800000000000000000e+02,3.234073817729949951e-01,-9.805001258850097656e+00,3.710240070551893421e-01
-1.760000000000000000e+02,2.430285811424255371e-01,-1.228685283660888672e+01,2.710932819756547429e-01
-1.720000000000000000e+02,1.446467190980911255e-01,-1.679382705688476562e+01,2.748961399137676009e-01
-1.680000000000000000e+02,1.097171604633331299e-01,-1.919450950622558594e+01,2.852041416280801656e-01
-1.640000000000000000e+02,1.583329141139984131e-01,-1.600857543945312500e+01,3.987322599209762730e-01
-1.600000000000000000e+02,3.601227104663848877e-01,-8.870990753173828125e+00,4.454279062974853542e-01
-1.560000000000000000e+02,6.473962068557739258e-01,-3.776597023010253906e+00,4.830843402778242091e-01
-1.520000000000000000e+02,3.109685778617858887e-01,-1.014566993713378906e+01,5.139555989539010827e-01
-1.480000000000000000e+02,2.438428997993469238e-01,-1.225779724121093750e+01,4.829081910085362139e-01
-1.440000000000000000e+02,2.682910263538360596e-01,-1.142787742614746094e+01,3.601916030464529794e-01
-1.400000000000000000e+02,2.495371848344802856e-01,-1.205729484558105469e+01,3.864601551560680748e-01
-1.360000000000000000e+02,2.103008329868316650e-01,-1.354318046569824219e+01,4.267089976580569766e-01
-1.320000000000000000e+02,4.045326411724090576e-01,-7.860928535461425781e+00,4.430625109049025623e-01
-1.280000000000000000e+02,3.872023522853851318e-01,-8.241240501403808594e+00,4.303970165641793910e-01
-1.240000000000000000e+02,3.265394270420074463e-01,-9.721287727355957031e+00,4.399030192944984874e-01
-1.200000000000000000e+02,2.044248729944229126e-01,-1.378932476043701172e+01,3.687803828722293065e-01
-1.160000000000000000e+02,2.441595792770385742e-01,-1.224652385711669922e+01,3.078745546772297392e-01
-1.120000000000000000e+02,1.512060463428497314e-01,-1.640861701965332031e+01,2.835546682401393070e-01
-1.080000000000000000e+02,1.702662706375122070e-01,-1.537742710113525391e+01,3.324875546698153883e-01
-1.040000000000000000e+02,2.399161756038665771e-01,-1.239880943298339844e+01,4.016415865187780154e-01
-1.000000000000000000e+02,3.787153959274291992e-01,-8.433740615844726562e+00,3.767991929450595356e-01
-9.600000000000000000e+01,4.904743432998657227e-01,-6.187674522399902344e+00,3.865463283575594766e-01
-9.200000000000000000e+01,6.272171437740325928e-02,-2.405164337158203125e+01,3.661295549610451006e-01
-8.800000000000000000e+01,2.049838900566101074e-01,-1.376560592651367188e+01,3.973335079606194475e-01
-8.400000000000000000e+01,1.671951413154602051e-01,-1.553552722930908203e+01,4.834718184674023367e-01
-8.000000000000000000e+01,4.898585081100463867e-01,-6.198586940765380859e+00,4.898169322745056786e-01
-7.600000000000000000e+01,7.972841858863830566e-01,-1.967737078666687012e+00,4.681778030176287908e-01
-7.200000000000000000e+01,8.532191812992095947e-02,-2.137878799438476562e+01,5.278268194590973739e-01
-6.800000000000000000e+01,1.279090344905853271e-01,-1.786197471618652344e+01,4.200429851067165599e-01
-6.400000000000000000e+01,3.796546757221221924e-01,-8.412225723266601562e+00,2.642454723337809286e-01
-6.000000000000000000e+01,1.059510335326194763e-01,-1.949789619445800781e+01,3.301376866020862555e-01
-5.600000000000000000e+01,2.423602491617202759e-01,-1.231077194213867188e+01,3.160193927434732930e-01
-5.200000000000000000e+01,3.200186491012573242e-01,-9.896493911743164062e+00,3.346610099032650831e-01
-4.800000000000000000e+01,7.762210071086883545e-02,-2.220029449462890625e+01,3.418907921548954842e-01
-4.400000000000000000e+01,4.460529088973999023e-01,-7.012272357940673828e+00,2.857970624531392390e-01
-4.000000000000000000e+01,1.317022740840911865e-01,-1.760813522338867188e+01,2.249571715252872695e-01
-3.600000000000000000e+01,4.256403446197509766e-02,-2.741914558410644531e+01,2.835329638722716705e-01
-3.200000000000000000e+01,1.033174246549606323e-01,-1.971652793884277344e+01,2.509873479262036411e-01
-2.800000000000000000e+01,2.862589955329895020e-01,-1.086481666564941406e+01,3.329325234961006408e-01
-2.400000000000000000e+01,3.301310241222381592e-01,-9.626273155212402344e+00,3.379113027909032008e-01
-2.000000000000000000e+01,4.235768914222717285e-01,-7.461354732513427734e+00,4.889200739491239012e-01
-1.600000000000000000e+01,6.029758974909782410e-02,-2.439400100708007812e+01,5.176460140004817134e-01
-1.200000000000000000e+01,6.411846876144409180e-01,-3.860337257385253906e+00,5.662456162231079837e-01
-8.000000000000000000e+00,3.885758519172668457e-01,-8.210483551025390625e+00,7.280791229038852119e-01
-4.000000000000000000e+00,5.032344460487365723e-01,-5.964592933654785156e+00,8.569895686988696637e-01
0.000000000000000000e+00,1.000000000000000000e+00,0.000000000000000000e+00,7.667625786632421558e-01
4.000000000000000000e+00,5.194544196128845215e-01,-5.689051151275634766e+00,8.525873054001936735e-01
8.000000000000000000e+00,3.198116719722747803e-01,-9.902113914489746094e+00,9.629770591177150285e-01
1.200000000000000000e+01,6.942687630653381348e-01,-3.169447422027587891e+00,8.671204631060680512e-01
1.600000000000000000e+01,8.964237570762634277e-01,-9.497327804565429688e-01,9.091049940332022183e-01
2.000000000000000000e+01,6.585752964019775391e-01,-3.627891302108764648e+00,8.850408242078195986e-01
2.400000000000000000e+01,6.689960956573486328e-01,-3.491528272628784180e+00,7.343667387530317114e-01
2.800000000000000000e+01,2.340992391109466553e-01,-1.261199951171875000e+01,6.422680440223840215e-01
3.200000000000000000e+01,1.575935930013656616e-01,-1.604922866821289062e+01,5.568536335906987267e-01
3.600000000000000000e+01,5.683840513229370117e-01,-4.907162189483642578e+00,4.914283351636811181e-01
4.000000000000000000e+01,3.543438613414764404e-01,-9.011501312255859375e+00,5.253954031279413073e-01
4.400000000000000000e+01,4.359624385833740234e-01,-7.211018562316894531e+00,5.760782941637269117e-01
4.800000000000000000e+01,3.550840914249420166e-01,-8.993375778198242188e+00,5.118628678203338556e-01
5.200000000000000000e+01,3.381173312664031982e-01,-9.418650627136230469e+00,4.628877022191715818e-01
5.600000000000000000e+01,3.396597504615783691e-01,-9.379118919372558594e+00,3.797930988036900546e-01
6.000000000000000000e+01,1.799027472734451294e-01,-1.489924430847167969e+01,3.074599230181750964e-01
6.400000000000000000e+01,1.399937570095062256e-01,-1.707782745361328125e+01,3.340224044796875069e-01
6.800000000000000000e+01,9.744576364755630493e-02,-2.022474098205566406e+01,4.844424258334283362e-01
7.200000000000000000e+01,4.327283203601837158e-01,-7.275693416595458984e+00,5.248148803164087717e-01
7.600000000000000000e+01,8.754299879074096680e-01,-1.155571699142456055e+00,5.269147862747434186e-01
8.000000000000000000e+01,3.237024843692779541e-01,-9.797079086303710938e+00,5.347534998787708549e-01
8.400000000000000000e+01,1.474732607603073120e-01,-1.662573432922363281e+01,4.717168993364376783e-01
8.800000000000000000e+01,1.253659129142761230e-01,-1.803641128540039062e+01,3.528605846448910621e-01
9.200000000000000000e+01,2.082027941942214966e-01,-1.363026809692382812e+01,3.983740834647337414e-01
9.600000000000000000e+01,4.520842432975769043e-01,-6.895612716674804688e+00,4.848861416801112934e-01
1.000000000000000000e+02,4.858137369155883789e-01,-6.270604133605957031e+00,5.565828979580491609e-01
1.040000000000000000e+02,4.556143283843994141e-01,-6.828052520751953125e+00,6.458640201764911382e-01
1.080000000000000000e+02,3.807374238967895508e-01,-8.387488365173339844e+00,6.862897859084572394e-01
1.120000000000000000e+02,5.262067914009094238e-01,-5.576870918273925781e+00,6.652940815492873750e-01
1.160000000000000000e+02,5.960738658905029297e-01,-4.493998527526855469e+00,6.350569184069343454e-01
1.200000000000000000e+02,4.110306501388549805e-01,-7.722516059875488281e+00,5.754481813898738585e-01
1.240000000000000000e+02,3.479147553443908691e-01,-9.170542716979980469e+00,4.746607403974058559e-01
1.280000000000000000e+02,1.684213578701019287e-01,-1.547205734252929688e+01,4.165933147160794103e-01
1.320000000000000000e+02,1.672192662954330444e-01,-1.553427314758300781e+01,3.543291143908423035e-01
1.360000000000000000e+02,3.892476856708526611e-01,-8.195478439331054688e+00,3.553730576698473365e-01
1.400000000000000000e+02,1.892562806606292725e-01,-1.445899391174316406e+01,4.954137139501610387e-01
1.440000000000000000e+02,3.516331017017364502e-01,-9.078205108642578125e+00,4.838951080272476668e-01
1.480000000000000000e+02,6.672220826148986816e-01,-3.514591693878173828e+00,4.675579943798702787e-01
1.520000000000000000e+02,1.261919736862182617e-01,-1.797936630249023438e+01,4.762255592202347398e-01
1.560000000000000000e+02,3.310576975345611572e-01,-9.601925849914550781e+00,4.341789106265435683e-01
1.600000000000000000e+02,2.201286554336547852e-01,-1.314646816253662109e+01,3.861394216628971088e-01
1.640000000000000000e+02,2.018701732158660889e-01,-1.389855575561523438e+01,4.682360090450271017e-01
1.680000000000000000e+02,4.961136877536773682e-01,-6.088376045227050781e+00,4.336661261096002029e-01
1.720000000000000000e+02,4.186058938503265381e-01,-7.563893318176269531e+00,4.116030923078979331e-01
1.760000000000000000e+02,2.079257220029830933e-01,-1.364183521270751953e+01,4.409276428412730042e-01
1.800000000000000000e+02,1.415439248085021973e-01,-1.698217582702636719e+01,3.639303477545019483e-01
1.840000000000000000e+02,3.063191771507263184e-01,-1.027651691436767578e+01,3.279350593260111357e-01
1.880000000000000000e+02,2.218625694513320923e-01,-1.307831859588623047e+01,3.717881279846968479e-01
1.920000000000000000e+02,2.903968691825866699e-01,-1.074016094207763672e+01,3.734484912087131514e-01
1.960000000000000000e+02,3.641228079795837402e-01,-8.775042533874511719e+00,3.137283247702660760e-01
2.000000000000000000e+02,1.474578529596328735e-01,-1.662664222717285156e+01,3.572648058549319772e-01
2.040000000000000000e+02,9.360621869564056396e-02,-2.057390594482421875e+01,3.072847380620701285e-01
2.080000000000000000e+02,3.769320249557495117e-01,-8.474739074707031250e+00,2.446784680300681525e-01
2.120000000000000000e+02,1.123764663934707642e-01,-1.898649215698242188e+01,2.394455566511849709e-01
2.160000000000000000e+02,1.411300450563430786e-01,-1.700761032104492188e+01,3.064278338884284802e-01
2.200000000000000000e+02,1.288191229104995728e-01,-1.780039215087890625e+01,3.078768054385853659e-01
2.240000000000000000e+02,3.321855664253234863e-01,-9.572384834289550781e+00,3.482477203673300936e-01
2.280000000000000000e+02,3.820930123329162598e-01,-8.356617927551269531e+00,3.797688508244763672e-01
2.320000000000000000e+02,2.561707198619842529e-01,-1.182941055297851562e+01,4.448421142779093729e-01
2.360000000000000000e+02,2.534028887748718262e-01,-1.192376899719238281e+01,5.135034720371337569e-01
2.400000000000000000e+02,3.605988919734954834e-01,-8.859512329101562500e+00,4.291340696033474900e-01
2.440000000000000000e+02,5.767455101013183594e-01,-4.780315876007080078e+00,4.145077353976373558e-01
2.480000000000000000e+02,8.158371597528457642e-02,-2.176793098449707031e+01,3.882884239221397471e-01
2.520000000000000000e+02,2.040742337703704834e-01,-1.380423641204833984e+01,3.138838741345076899e-01
2.560000000000000000e+02,1.600142121315002441e-01,-1.591682910919189453e+01,1.897955307976207928e-01
2.600000000000000000e+02,9.558268636465072632e-02,-2.039241600036621094e+01,2.526816922080466488e-01
2.640000000000000000e+02,1.347641795873641968e-01,-1.740851020812988281e+01,2.639685450156180058e-01
2.680000000000000000e+02,3.055734038352966309e-01,-1.029768943786621094e+01,3.150825739909944856e-01
2.720000000000000000e+02,2.442760616540908813e-01,-1.224238204956054688e+01,3.055871870728310569e-01
2.760000000000000000e+02,3.420735895633697510e-01,-9.317608833312988281e+00,3.437617856427960250e-01
2.800000000000000000e+02,6.176175177097320557e-02,-2.418560791015625000e+01,3.606639826318493447e-01
2.840000000000000000e+02,2.707355320453643799e-01,-1.134909534454345703e+01,4.121522362429479447e-01
2.880000000000000000e+02,3.657761216163635254e-01,-8.735692977905273438e+00,4.773955242172961966e-01
2.920000000000000000e+02,4.276683628559112549e-01,-7.377857685089111328e+00,5.462646674119255863e-01
2.960000000000000000e+02,5.744589567184448242e-01,-4.814820289611816406e+00,5.799714586717685805e-01
3.000000000000000000e+02,3.070617914199829102e-01,-1.025548458099365234e+01,6.364918080561192681e-01
3.040000000000000000e+02,3.907933235168457031e-01,-8.161057472229003906e+00,6.557911495602973817e-01
3.080000000000000000e+02,5.670918822288513184e-01,-4.926931381225585938e+00,5.868009128945946840e-01
3.120000000000000000e+02,4.964092969894409180e-01,-6.083201885223388672e+00,5.904397246351699158e-01
3.160000000000000000e+02,3.287276029586791992e-01,-9.663276672363281250e+00,5.463260362192211561e-01
3.200000000000000000e+02,3.200226128101348877e-01,-9.896387100219726562e+00,5.261850940451909819e-01
3.240000000000000000e+02,2.336679548025131226e-01,-1.262801647186279297e+01,5.003467804073387093e-01
3.280000000000000000e+02,4.953533113002777100e-01,-6.101698875427246094e+00,5.062719389609172671e-01
3.320000000000000000e+02,4.043776690959930420e-01,-7.864256381988525391e+00,5.189865567957616665e-01
3.360000000000000000e+02,3.498319983482360840e-01,-9.122809410095214844e+00,5.766134398692308594e-01
3.400000000000000000e+02,3.653098940849304199e-01,-8.746771812438964844e+00,5.461348846632768650e-01
3.440000000000000000e+02,4.389249980449676514e-01,-7.152194023132324219e+00,4.485856167524112093e-01
3.480000000000000000e+02,3.867939412593841553e-01,-8.250407218933105469e+00,4.703205581590383377e-01
3.520000000000000000e+02,5.692395940423011780e-02,-2.489410018920898438e+01,4.935480304601240209e-01
3.560000000000000000e+02,4.272481203079223633e-01,-7.386397361755371094e+00,4.601626378812875284e-01
3.600000000000000000e+02,4.480421543121337891e-01,-6.973622322082519531e+00,3.849710725702475411e-01
3.640000000000000000e+02,3.200119733810424805e-01,-9.896675109863281250e+00,4.698710281941509970e-01
3.680000000000000000e+02,1.189745217561721802e-01,-1.849092102050781250e+01,4.556912400211035608e-01
3.720000000000000000e+02,3.593229949474334717e-01,-8.890299797058105469e+00,4.455592327839411060e-01
3.760000000000000000e+02,3.767421543598175049e-01,-8.479116439819335938e+00,4.101369011782993734e-01
3.800000000000000000e+02,4.119536876678466797e-01,-7.703032493591308594e+00,4.247842327283287145e-01
3.840000000000000000e+02,1.938437223434448242e-01,-1.425096511840820312e+01,4.243304993201848507e-01
3.880000000000000000e+02,1.711457967758178711e-01,-1.533267498016357422e+01,3.952608705199719963e-01
3.920000000000000000e+02,3.577068746089935303e-01,-8.929453849792480469e+00,3.327048535463404400e-01
3.960000000000000000e+02,2.732011377811431885e-01,-1.127035045623779297e+01,4.295509980430419761e-01
4.000000000000000000e+02,1.891399174928665161e-01,-1.446433639526367188e+01,5.039129904516969072e-01
4.040000000000000000e+02,5.387930274009704590e-01,-5.371560573577880859e+00,5.265170520601407667e-01
4.080000000000000000e+02,4.360104203224182129e-01,-7.210062980651855469e+00,5.605081922936204775e-01
4.120000000000000000e+02,4.382186532020568848e-01,-7.166182994842529297e+00,5.517119031481444447e-01
4.160000000000000000e+02,3.942717313766479492e-01,-8.084087371826171875e+00,5.080795387930162610e-01
4.200000000000000000e+02,1.578090488910675049e-01,-1.603736114501953125e+01,4.062148993133357644e-01
4.240000000000000000e+02,3.833820521831512451e-01,-8.327364921569824219e+00,2.925130822780366291e-01
4.280000000000000000e+02,7.318609952926635742e-02,-2.271142768859863281e+01,2.025608608377850450e-01
4.320000000000000000e+02,3.323234245181083679e-02,-2.956878280639648438e+01,2.500448970408717386e-01
4.360000000000000000e+02,7.387739419937133789e-02,-2.262976837158203125e+01,2.102713333391852124e-01
4.400000000000000000e+02,3.269390165805816650e-01,-9.710664749145507812e+00,2.539832148338777573e-01
4.440000000000000000e+02,2.417154610157012939e-01,-1.233391189575195312e+01,3.719378328998422800e-01
4.480000000000000000e+02,2.288803011178970337e-01,-1.280783176422119141e+01,4.022198439264554337e-01
4.520000000000000000e+02,4.533663988113403320e-01,-6.871013641357421875e+00,4.479417347995404697e-01
4.560000000000000000e+02,1.817367076873779297e-01,-1.481114578247070312e+01,4.775225541760340642e-01
4.600000000000000000e+02,4.897925257682800293e-01,-6.199756622314453125e+00,4.981527357277710233e-01
4.640000000000000000e+02,3.470772504806518555e-01,-9.191476821899414062e+00,5.269344511516058649e-01
4.680000000000000000e+02,3.023614585399627686e-01,-1.038947105407714844e+01,5.712634303298590455e-01
4.720000000000000000e+02,5.558819174766540527e-01,-5.100349426269531250e+00,5.863548103204890838e-01
4.760000000000000000e+02,3.396289050579071045e-01,-9.379907608032226562e+00,5.877374722656533157e-01
4.800000000000000000e+02,5.435454249382019043e-01,-5.295283317565917969e+00,6.012550262044609184e-01
4.840000000000000000e+02,3.520020544528961182e-01,-9.069095611572265625e+00,5.818010264367265982e-01
4.880000000000000000e+02,3.505086600780487061e-01,-9.106024742126464844e+00,5.500421268887191184e-01
4.920000000000000000e+02,4.865901172161102295e-01,-6.256733894348144531e+00,4.096902850708176169e-01
4.960000000000000000e+02,2.265091687440872192e-01,-1.289828395843505859e+01,4.231298488735827368e-01
5.000000000000000000e+02,4.363631084561347961e-02,-2.720304107666015625e+01,3.941061766040225289e-01
5.040000000000000000e+02,3.998714685440063477e-01,-7.961591720581054688e+00,2.935114267217345807e-01
5.080000000000000000e+02,2.471313327550888062e-01,-1.214144325256347656e+01,2.418873702028968287e-01
5.120000000000000000e+02,1.282889246940612793e-01,-1.783621597290039062e+01,2.845930264514683339e-01
5.160000000000000000e+02,4.263316094875335693e-02,-2.740505027770996094e+01,2.364510441747169345e-01
5.200000000000000000e+02,1.957465112209320068e-01,-1.416611862182617188e+01,3.123129514811624485e-01
5.240000000000000000e+02,2.283980101346969604e-01,-1.282615470886230469e+01,3.997712038322862038e-01
5.280000000000000000e+02,5.173383951187133789e-01,-5.724505901336669922e+00,5.878006316414623456e-01
5.320000000000000000e+02,4.398001730442047119e-01,-7.134892463684082031e+00,6.153779303586386362e-01
5.360000000000000000e+02,7.123616337776184082e-01,-2.945989608764648438e+00,5.938057047738779515e-01
5.400000000000000000e+02,2.939721047878265381e-01,-1.063387775421142578e+01,5.028696998098134419e-01
5.440000000000000000e+02,1.515614539384841919e-01,-1.638822555541992188e+01,4.043429707972513443e-01
5.480000000000000000e+02,1.934399902820587158e-01,-1.426907444000244141e+01,2.340647058242418532e-01
5.520000000000000000e+02,8.886491507291793823e-02,-2.102539253234863281e+01,2.946263432418310679e-01
5.560000000000000000e+02,1.058597490191459656e-01,-1.950538253784179688e+01,3.604928787495405573e-01
5.600000000000000000e+02,5.096822381019592285e-01,-5.854010581970214844e+00,3.955597908724216571e-01
5.640000000000000000e+02,3.861667215824127197e-01,-8.264503479003906250e+00,4.931453000155048283e-01
5.680000000000000000e+02,3.183422982692718506e-01,-9.942112922668457031e+00,4.883642247951841542e-01
5.720000000000000000e+02,4.364477097988128662e-01,-7.201355934143066406e+00,5.053261297137299213e-01
5.760000000000000000e+02,8.883038163185119629e-02,-2.102876853942871094e+01,4.375994068827694927e-01
5.800000000000000000e+02,5.700976252555847168e-01,-4.881015300750732422e+00,4.246622314222848193e-01
5.840000000000000000e+02,1.449357867240905762e-01,-1.677648735046386719e+01,3.939147060507670051e-01
5.880000000000000000e+02,2.722623050212860107e-01,-1.130025005340576172e+01,4.872757599504800585e-01
5.920000000000000000e+02,3.269303143024444580e-01,-9.710895538330078125e+00,3.934166477047747468e-01
5.960000000000000000e+02,4.213663935661315918e-01,-7.506802082061767578e+00,4.194540365826001649e-01
6.000000000000000000e+02,2.357876151800155640e-01,-1.254958057403564453e+01,5.011945853134183171e-01
6.040000000000000000e+02,2.376764863729476929e-01,-1.248027610778808594e+01,4.496757581633111234e-01
6.080000000000000000e+02,5.634080767631530762e-01,-4.983538627624511719e+00,4.292000466144222925e-01
6.120000000000000000e+02,1.434291154146194458e-01,-1.686725425720214844e+01,5.035771542661584554e-01
6.160000000000000000e+02,3.484354317188262939e-01,-9.157553672790527344e+00,4.903536928385286431e-01
6.200000000000000000e+02,5.007060766220092773e-01,-6.008343219757080078e+00,4.282914837024558441e-01
6.240000000000000000e+02,1.905767917633056641e-01,-1.439859962463378906e+01,4.604907124961847842e-01
6.280000000000000000e+02,3.423531651496887207e-01,-9.310513496398925781e+00,4.376958130996433383e-01
6.320000000000000000e+02,2.581172287464141846e-01,-1.176366043090820312e+01,4.014297639370754123e-01
6.360000000000000000e+02,2.672439217567443848e-01,-1.146184444427490234e+01,4.559181443773170916e-01
6.400000000000000000e+02,3.715326488018035889e-01,-8.600060462951660156e+00,4.183972246382982041e-01
6.440000000000000000e+02,3.846550285816192627e-01,-8.298571586608886719e+00,3.744092901918429361e-01
6.480000000000000000e+02,2.087101042270660400e-01,-1.360913085937500000e+01,4.730357618193848923e-01
6.520000000000000000e+02,1.014397740364074707e-01,-1.987583351135253906e+01,4.160980593628533231e-01
6.560000000000000000e+02,6.185344457626342773e-01,-4.172722339630126953e+00,3.800087242516979047e-01
6.600000000000000000e+02,1.687303483486175537e-01,-1.545613670349121094e+01,4.462473424066276118e-01
6.640000000000000000e+02,2.561110258102416992e-01,-1.183143520355224609e+01,5.478200439143462441e-01
6.680000000000000000e+02,4.446406662464141846e-01,-7.039816379547119141e+00,5.823716571939370201e-01
6.720000000000000000e+02,4.632242619991302490e-01,-6.684174060821533203e+00,6.546261002595050726e-01
6.760000000000000000e+02,7.416013479232788086e-01,-2.596590042114257812e+00,7.056896586308037955e-01
6.800000000000000000e+02,4.260882437229156494e-01,-7.410008907318115234e+00,7.174046288394926307e-01
6.840000000000000000e+02,4.379906356334686279e-01,-7.170703411102294922e+00,8.040543976711188590e-01
6.880000000000000000e+02,4.863673746585845947e-01,-6.260711669921875000e+00,7.046557559229018608e-01
6.920000000000000000e+02,7.718558311462402344e-01,-2.249276399612426758e+00,6.382244759427910807e-01
6.960000000000000000e+02,3.875604867935180664e-01,-8.233209609985351562e+00,6.483635868840089689e-01
7.000000000000000000e+02,1.894714534282684326e-01,-1.444912433624267578e+01,6.904750055284569754e-01
7.040000000000000000e+02,4.741044044494628906e-01,-6.482520103454589844e+00,6.139315233376844150e-01
7.080000000000000000e+02,6.363610029220581055e-01,-3.925929069519042969e+00,5.651786183286005016e-01
7.120000000000000000e+02,4.992211163043975830e-01,-6.034141063690185547e+00,6.626406765581869251e-01
7.160000000000000000e+02,2.139110267162322998e-01,-1.339533710479736328e+01,6.540972550123682616e-01
7.200000000000000000e+02,5.366145372390747070e-01,-5.406751632690429688e+00,6.643856608787449547e-01
7.240000000000000000e+02,4.436742067337036133e-01,-7.058716297149658203e+00,6.511190291789435980e-01
7.280000000000000000e+02,6.730065345764160156e-01,-3.439614534378051758e+00,6.499877245641999535e-01
7.320000000000000000e+02,4.519676566123962402e-01,-6.897852897644042969e+00,6.516526520644968512e-01
7.360000000000000000e+02,2.098815143108367920e-01,-1.356051635742187500e+01,5.550356564100075163e-01
7.400000000000000000e+02,5.425447225570678711e-01,-5.311289310455322266e+00,4.500288955079312925e-01
7.440000000000000000e+02,9.954109042882919312e-02,-2.003995132446289062e+01,3.567409076808490953e-01
7.480000000000000000e+02,2.989905178546905518e-01,-1.048685169219970703e+01,4.430022570193564158e-01
7.520000000000000000e+02,1.196918934583663940e-01,-1.843870544433593750e+01,3.737799827554638687e-01
7.560000000000000000e+02,5.171296000480651855e-01,-5.728011608123779297e+00,3.845689424681089097e-01
7.600000000000000000e+02,2.959868907928466797e-01,-1.057455062866210938e+01,3.284994942141367114e-01
7.640000000000000000e+02,1.379695087671279907e-01,-1.720433807373046875e+01,3.488326171026492895e-01
7.680000000000000000e+02,9.928078949451446533e-02,-2.006269454956054688e+01,2.129077885911925538e-01
7.720000000000000000e+02,1.921149790287017822e-01,-1.432877540588378906e+01,1.976238262632360465e-01
7.760000000000000000e+02,3.298874571919441223e-02,-2.963268280029296875e+01,2.655566945696545278e-01
7.800000000000000000e+02,2.415480464696884155e-01,-1.233992958068847656e+01,3.736440574782643465e-01
7.840000000000000000e+02,3.799346983432769775e-01,-8.405820846557617188e+00,4.649498734103370001e-01
7.880000000000000000e+02,4.842693805694580078e-01,-6.298260211944580078e+00,5.607152623383343526e-01
7.920000000000000000e+02,5.173305869102478027e-01,-5.724637031555175781e+00,6.346940103315595882e-01
7.960000000000000000e+02,3.740885853767395020e-01,-8.540511131286621094e+00,6.536331045117049765e-01
8.000000000000000000e+02,5.050476193428039551e-01,-5.933353424072265625e+00,6.272927790529887471e-01
8.040000000000000000e+02,4.473924934864044189e-01,-6.986226081848144531e+00,5.159138910239707831e-01
8.080000000000000000e+02,3.904496729373931885e-01,-8.168698310852050781e+00,5.259422879344930468e-01
8.120000000000000000e+02,1.206181496381759644e-01,-1.837174606323242188e+01,4.582232210389987070e-01
8.160000000000000000e+02,4.098080098628997803e-01,-7.748391151428222656e+00,4.943936002932403651e-01
8.200000000000000000e+02,2.638439536094665527e-01,-1.157305717468261719e+01,4.753905058394559124e-01
8.240000000000000000e+02,5.762251615524291992e-01,-4.788155555725097656e+00,5.877221938632916087e-01
8.280000000000000000e+02,3.227639198303222656e-01,-9.822300910949707031e+00,5.118380466918529548e-01
8.320000000000000000e+02,5.207242965698242188e-01,-5.667843341827392578e+00,5.767854139343683295e-01
8.360000000000000000e+02,1.395217329263687134e-01,-1.710716247558593750e+01,5.383514046592440261e-01
8.400000000000000000e+02,4.951753020286560059e-01,-6.104820251464843750e+00,5.406421274878197014e-01
8.440000000000000000e+02,4.393298327922821045e-01,-7.144186019897460938e+00,5.299687912267823098e-01
8.480000000000000000e+02,3.309230804443359375e-01,-9.605459213256835938e+00,5.857845477175525062e-01
8.520000000000000000e+02,4.827077090740203857e-01,-6.326315402984619141e+00,5.138597324177242021e-01
8.560000000000000000e+02,3.383278548717498779e-01,-9.413244247436523438e+00,5.370969357056371019e-01
8.600000000000000000e+02,2.389914840459823608e-01,-1.243235111236572266e+01,5.453971411507710920e-01
8.640000000000000000e+02,5.220967531204223633e-01,-5.644979953765869141e+00,4.578067172317903388e-01
8.680000000000000000e+02,3.604869842529296875e-01,-8.862208366394042969e+00,3.814916559418250475e-01
8.720000000000000000e+02,1.707256883382797241e-01,-1.535402297973632812e+01,3.355732292565415942e-01
8.760000000000000000e+02,6.650673598051071167e-02,-2.354268836975097656e+01,1.992045740337626270e-01
8.800000000000000000e+02,7.543794810771942139e-02,-2.244820022583007812e+01,1.760653667198146810e-01
8.840000000000000000e+02,3.637506440281867981e-02,-2.878392410278320312e+01,1.482278707860759104e-01
8.880000000000000000e+02,2.780691087245941162e-01,-1.111694526672363281e+01,2.332777101727975810e-01
8.920000000000000000e+02,7.157331705093383789e-02,-2.290497779846191406e+01,2.989434426255899724e-01
8.960000000000000000e+02,3.694396317005157471e-01,-8.649129867553710938e+00,4.217380824313922694e-01
9.000000000000000000e+02,3.093279898166656494e-01,-1.019161605834960938e+01,4.488927902451290697e-01
9.040000000000000000e+02,4.737484455108642578e-01,-6.489043712615966797e+00,5.317655221406624166e-01
9.080000000000000000e+02,3.747895061969757080e-01,-8.524251937866210938e+00,5.217956199239575099e-01
9.120000000000000000e+02,3.667517304420471191e-01,-8.712556838989257812e+00,4.786902767788825397e-01
9.160000000000000000e+02,3.339285552501678467e-01,-9.526928901672363281e+00,4.703811854283223015e-01
9.200000000000000000e+02,1.557941734790802002e-01,-1.614897537231445312e+01,5.364493732559214578e-01
9.240000000000000000e+02,4.441528916358947754e-01,-7.049350261688232422e+00,5.589793605510531282e-01
9.280000000000000000e+02,6.101130247116088867e-01,-4.291794300079345703e+00,5.138079230708326728e-01
9.320000000000000000e+02,4.469996690750122070e-01,-6.993855953216552734e+00,5.554175641744090175e-01
9.360000000000000000e+02,1.730356663465499878e-01,-1.523728752136230469e+01,5.590148665206161605e-01
9.400000000000000000e+02,3.040005564689636230e-01,-1.034251213073730469e+01,4.541527358617070687e-01
9.440000000000000000e+02,4.569658637046813965e-01,-6.802324771881103516e+00,3.645727727786699512e-01
9.480000000000000000e+02,2.366121560335159302e-01,-1.251925945281982422e+01,3.641842235948408724e-01
9.520000000000000000e+02,1.279312521219253540e-01,-1.786046791076660156e+01,3.797242497709226727e-01
9.560000000000000000e+02,1.716517210006713867e-01,-1.530703639984130859e+01,3.244754717796241583e-01
9.600000000000000000e+02,3.593514561653137207e-01,-8.889612197875976562e+00,3.887838445264318876e-01
9.640000000000000000e+02,2.601792216300964355e-01,-1.169454765319824219e+01,4.456806944092880918e-01
9.680000000000000000e+02,4.656675159931182861e-01,-6.638481140136718750e+00,4.350570255066402714e-01
9.720000000000000000e+02,3.305880427360534668e-01,-9.614256858825683594e+00,4.001346892404995526e-01
9.760000000000000000e+02,1.338120400905609131e-01,-1.747009658813476562e+01,4.129757178655305561e-01
9.800000000000000000e+02,2.349641025066375732e-01,-1.257996940612792969e+01,3.819421115218609719e-01
9.840000000000000000e+02,3.059167563915252686e-01,-1.028793430328369141e+01,2.971742892907264233e-01
9.880000000000000000e+02,3.551311492919921875e-01,-8.992224693298339844e+00,3.228703573210484068e-01
9.920000000000000000e+02,2.865964360535144806e-02,-3.085458564758300781e+01,3.068636202986722017e-01
9.960000000000000000e+02,2.253370136022567749e-01,-1.294334888458251953e+01,2.750989306879952356e-01
1.000000000000000000e+03,1.779508590698242188e-01,-1.499399948120117188e+01,3.183375624144624827e-01
1.004000000000000000e+03,1.927763968706130981e-01,-1.429892349243164062e+01,4.027782293704914029e-01
1.008000000000000000e+03,5.091397166252136230e-01,-5.863260746002197266e+00,4.289222993162860598e-01
1.012000000000000000e+03,3.294227719306945801e-01,-9.644927978515625000e+00,5.255432505374327823e-01
1.016000000000000000e+03,3.184576928615570068e-01,-9.938964843750000000e+00,6.129155430492010392e-01
1.020000000000000000e+03,5.220980644226074219e-01,-5.644958496093750000e+00,6.392449159182724827e-01
1.024000000000000000e+03,5.039814710617065430e-01,-5.951708793640136719e+00,6.251829036442632104e-01
1.028000000000000000e+03,6.029204130172729492e-01,-4.394800186157226562e+00,5.734194881820872114e-01
1.032000000000000000e+03,2.793363034725189209e-01,-1.107745265960693359e+01,5.820631648303691286e-01
1.036000000000000000e+03,1.340853124856948853e-01,-1.745237541198730469e+01,4.703620811500133225e-01
1.040000000000000000e+03,5.528853535652160645e-01,-5.147298812866210938e+00,4.130980433983496014e-01
1.044000000000000000e+03,1.061214283108711243e-01,-1.948393821716308594e+01,4.797508100098496486e-01
1.048000000000000000e+03,3.989557623863220215e-01,-7.981505393981933594e+00,5.510059024828237728e-01
1.052000000000000000e+03,5.167419910430908203e-01,-5.734524726867675781e+00,5.937350588972404308e-01
1.056000000000000000e+03,3.878836929798126221e-01,-8.225969314575195312e+00,7.632549888198404409e-01
1.060000000000000000e+03,7.050792574882507324e-01,-3.035241365432739258e+00,7.425911337027668591e-01
1.064000000000000000e+03,7.099222540855407715e-01,-2.975784301757812500e+00,7.727536619332542323e-01
1.068000000000000000e+03,3.253546655178070068e-01,-9.752859115600585938e+00,8.461715310739531537e-01
1.072000000000000000e+03,6.241757273674011230e-01,-4.093862533569335938e+00,6.917949013535136249e-01
1.076000000000000000e+03,6.493855118751525879e-01,-3.749948024749755859e+00,5.538669653104048018e-01
1.080000000000000000e+03,1.552162617444992065e-01,-1.618125534057617188e+01,5.830076478854564481e-01
1.084000000000000000e+03,2.186466753482818604e-01,-1.320514202117919922e+01,4.347561577017536871e-01
1.088000000000000000e+03,4.291487634181976318e-01,-7.347842216491699219e+00,3.063326806511568745e-01
1.092000000000000000e+03,9.612942487001419067e-02,-2.034287261962890625e+01,3.705061332237681859e-01
1.096000000000000000e+03,1.919631808996200562e-01,-1.433564186096191406e+01,4.554530211963282449e-01
1.100000000000000000e+03,3.837910592555999756e-01,-8.318102836608886719e+00,5.328222566888954903e-01
1.104000000000000000e+03,5.212128758430480957e-01,-5.659697532653808594e+00,5.673572632822391215e-01
1.108000000000000000e+03,7.047246694564819336e-01,-3.039610385894775391e+00,5.535370488782458409e-01
1.112000000000000000e+03,2.191371768712997437e-01,-1.318567848205566406e+01,5.005875909545299818e-01
1.116000000000000000e+03,1.427379548549652100e-01,-1.690921020507812500e+01,3.930451465739643879e-01
1.120000000000000000e+03,1.951941996812820435e-01,-1.419066238403320312e+01,3.710585884554964964e-01
1.124000000000000000e+03,1.381651908159255981e-01,-1.719202804565429688e+01,3.831275348148495685e-01
1.128000000000000000e+03,6.264123320579528809e-01,-4.062794208526611328e+00,5.070854218481097853e-01
1.132000000000000000e+03,2.621246874332427979e-01,-1.162984085083007812e+01,5.390325737371556292e-01
1.136000000000000000e+03,5.842546224594116211e-01,-4.667956829071044922e+00,6.357855542847353769e-01
1.140000000000000000e+03,3.089844584465026855e-01,-1.020126819610595703e+01,5.871664064170284414e-01
1.144000000000000000e+03,4.827826619148254395e-01,-6.324966430664062500e+00,6.535213278539010462e-01
1.148000000000000000e+03,4.532392919063568115e-01,-6.873449325561523438e+00,5.516680342195670050e-01
1.152000000000000000e+03,4.984695017337799072e-01,-6.047227859497070312e+00,6.253628808812840001e-01
1.156000000000000000e+03,2.214707136154174805e-01,-1.309367370605468750e+01,5.282944883432180161e-01
1.160000000000000000e+03,5.714728236198425293e-01,-4.860088348388671875e+00,4.529836786996161435e-01
1.164000000000000000e+03,1.370417475700378418e-01,-1.726294326782226562e+01,3.618859661543667450e-01
1.168000000000000000e+03,1.849951446056365967e-01,-1.465679359436035156e+01,3.649134451726230299e-01
1.172000000000000000e+03,1.739951223134994507e-01,-1.518925857543945312e+01,3.021876965280667626e-01
1.176000000000000000e+03,2.322540730237960815e-01,-1.268073272705078125e+01,3.919286559851689611e-01
1.180000000000000000e+03,3.480544984340667725e-01,-9.167055130004882812e+00,4.034975275171666653e-01
1.184000000000000000e+03,4.566836059093475342e-01,-6.807691574096679688e+00,4.591889650033966763e-01
1.188000000000000000e+03,2.262014746665954590e-01,-1.291009140014648438e+01,4.501972110399733440e-01
1.192000000000000000e+03,3.723584413528442383e-01,-8.580776214599609375e+00,5.166186763618308975e-01
1.196000000000000000e+03,2.002269923686981201e-01,-1.396954727172851562e+01,5.663711034899316932e-01
1.200000000000000000e+03,5.846363306045532227e-01,-4.662283897399902344e+00,5.969995058524550924e-01
1.204000000000000000e+03,6.338931918144226074e-01,-3.959678411483764648e+00,5.309222689601494904e-01
1.208000000000000000e+03,3.352945744991302490e-01,-9.491470336914062500e+00,5.098125329982488019e-01
1.212000000000000000e+03,1.370026916265487671e-01,-1.726541709899902344e+01,4.857583619082562199e-01
1.216000000000000000e+03,1.250377446413040161e-01,-1.805917739868164062e+01,4.589832713536380893e-01
1.220000000000000000e+03,4.989595115184783936e-01,-6.038693904876708984e+00,6.053569174514483731e-01
1.224000000000000000e+03,5.385249257087707520e-01,-5.375884056091308594e+00,6.958760671883160720e-01
1.228000000000000000e+03,8.566523194313049316e-01,-1.343908190727233887e+00,8.131631535728910398e-01
1.232000000000000000e+03,4.594163298606872559e-01,-6.755871295928955078e+00,7.786167362888460897e-01
1.236000000000000000e+03,5.427941679954528809e-01,-5.307296752929687500e+00,6.588744834388852167e-01
1.240000000000000000e+03,3.759111166000366211e-01,-8.498296737670898438e+00,4.967385798579137535e-01
1.244000000000000000e+03,1.120236217975616455e-01,-1.901380729675292969e+01,4.838295430979451806e-01
1.248000000000000000e+03,2.791521251201629639e-01,-1.108318138122558594e+01,4.257024178542689330e-01
1.252000000000000000e+03,4.134365618228912354e-01,-7.671822547912597656e+00,5.216176173325868248e-01
1.256000000000000000e+03,3.357553482055664062e-01,-9.479540824890136719e+00,5.966680247646326540e-01
1.260000000000000000e+03,7.175445556640625000e-01,-2.883022785186767578e+00,6.505207366483445330e-01
1.264000000000000000e+03,3.793402612209320068e-01,-8.419421195983886719e+00,5.886111149080379690e-01
1.268000000000000000e+03,4.709662199020385742e-01,-6.540205001831054688e+00,5.837094001341293081e-01
1.272000000000000000e+03,1.929251402616500854e-01,-1.429222297668457031e+01,4.625769298092490822e-01
1.276000000000000000e+03,3.182962834835052490e-01,-9.943368911743164062e+00,4.578684792947875781e-01
1.280000000000000000e+03,2.860915362834930420e-01,-1.086989974975585938e+01,3.845831791612187023e-01
1.284000000000000000e+03,3.625695705413818359e-01,-8.812172889709472656e+00,4.270078845419363889e-01
1.288000000000000000e+03,2.099365890026092529e-01,-1.355823707580566406e+01,4.004543852079898159e-01
1.292000000000000000e+03,3.440346419811248779e-01,-9.267956733703613281e+00,4.479008864094364828e-01
1.296000000000000000e+03,2.237172871828079224e-01,-1.300600910186767578e+01,4.096086499982862228e-01
1.300000000000000000e+03,4.550878107547760010e-01,-6.838095664978027344e+00,4.111376281658488119e-01
1.304000000000000000e+03,2.261792123317718506e-01,-1.291094684600830078e+01,3.793685667231707082e-01
1.308000000000000000e+03,2.153825461864471436e-01,-1.333578968048095703e+01,3.776976190637832409e-01
1.312000000000000000e+03,2.308787107467651367e-01,-1.273232269287109375e+01,3.942469150799944311e-01
1.316000000000000000e+03,2.177656590938568115e-01,-1.324021244049072266e+01,4.877440354524380517e-01
1.320000000000000000e+03,5.140335559844970703e-01,-5.780170440673828125e+00,5.167165551957998426e-01
1.324000000000000000e+03,5.591998696327209473e-01,-5.048658847808837891e+00,5.710357938486692042e-01
1.328000000000000000e+03,3.185776770114898682e-01,-9.935692787170410156e+00,6.768312416108849261e-01
1.332000000000000000e+03,4.243544936180114746e-01,-7.445423603057861328e+00,6.996961990922974106e-01
1.336000000000000000e+03,5.945908427238464355e-01,-4.515635967254638672e+00,7.139193206967967553e-01
1.340000000000000000e+03,5.954746007919311523e-01,-4.502735614776611328e+00,8.182614125261407079e-01
1.344000000000000000e+03,6.098601818084716797e-01,-4.295394420623779297e+00,7.968707037326367981e-01
1.348000000000000000e+03,6.902262568473815918e-01,-3.220170497894287109e+00,7.065607618454136096e-01
1.352000000000000000e+03,3.481644690036773682e-01,-9.164310455322265625e+00,6.653082052859723428e-01
1.356000000000000000e+03,2.729223668575286865e-01,-1.127921867370605469e+01,7.107913397453711202e-01
1.360000000000000000e+03,4.485400915145874023e-01,-6.963974952697753906e+00,6.195571047181200885e-01
1.364000000000000000e+03,7.718632817268371582e-01,-2.249192476272583008e+00,6.184054595797503495e-01
1.368000000000000000e+03,3.652656078338623047e-01,-8.747824668884277344e+00,7.394122888915618530e-01
1.372000000000000000e+03,3.440625071525573730e-01,-9.267252922058105469e+00,7.161863143089990391e-01
1.376000000000000000e+03,7.039278745651245117e-01,-3.049436807632446289e+00,6.329126289407531747e-01
1.380000000000000000e+03,3.658131659030914307e-01,-8.734813690185546875e+00,6.339782849547684895e-01
1.384000000000000000e+03,4.752567410469055176e-01,-6.461434364318847656e+00,6.216315201765670873e-01
1.388000000000000000e+03,3.690612912178039551e-01,-8.658029556274414062e+00,5.185042872478288212e-01
1.392000000000000000e+03,3.000854551792144775e-01,-1.045510196685791016e+01,5.877537463579828314e-01
1.396000000000000000e+03,3.366064131259918213e-01,-9.457551956176757812e+00,5.495042409440181741e-01
1.400000000000000000e+03,6.124678254127502441e-01,-4.258334636688232422e+00,5.405542599399546511e-01
1.404000000000000000e+03,3.390185832977294922e-01,-9.395530700683593750e+00,5.687328215233480311e-01
1.408000000000000000e+03,3.371829986572265625e-01,-9.442687034606933594e+00,5.649796225764819324e-01
1.412000000000000000e+03,4.004526436328887939e-01,-7.948976516723632812e+00,5.615904110663842985e-01
1.416000000000000000e+03,3.232381641864776611e-01,-9.809547424316406250e+00,4.810220895988041589e-01
1.420000000000000000e+03,6.003960371017456055e-01,-4.431243419647216797e+00,4.386834862988659434e-01
1.424000000000000000e+03,5.204808339476585388e-02,-2.567190361022949219e+01,4.084270787285654847e-01
1.428000000000000000e+03,1.863801777362823486e-01,-1.459200668334960938e+01,3.601524897925427182e-01
1.432000000000000000e+03,2.926845252513885498e-01,-1.067200469970703125e+01,3.214773059995245652e-01
1.436000000000000000e+03,1.512923836708068848e-01,-1.640365791320800781e+01,3.767080078251592301e-01
1.440000000000000000e+03,4.626416862010955811e-01,-6.695104598999023438e+00,3.301462707674329145e-01
1.444000000000000000e+03,2.487703412771224976e-01,-1.208402729034423828e+01,3.090761615928186989e-01
1.448000000000000000e+03,2.053528092801570892e-02,-3.374998474121093750e+01,3.167094974067201640e-01
1.452000000000000000e+03,2.176364213228225708e-01,-1.324536800384521484e+01,2.200647395731311351e-01
1.456000000000000000e+03,1.784810125827789307e-01,-1.496815872192382812e+01,2.414366515808159253e-01
1.460000000000000000e+03,1.184096857905387878e-01,-1.853225517272949219e+01,2.851706877002365137e-01
1.464000000000000000e+03,3.248934149742126465e-01,-9.765181541442871094e+00,2.780598213708213584e-01
1.468000000000000000e+03,1.763083934783935547e-01,-1.507454013824462891e+01,2.691421333535677363e-01
1.472000000000000000e+03,1.923087388277053833e-01,-1.432001972198486328e+01,2.824837200084384659e-01
1.476000000000000000e+03,1.467177420854568481e-01,-1.667034721374511719e+01,2.549828718730688948e-01
1.480000000000000000e+03,1.659301221370697021e-01,-1.560149574279785156e+01,2.484066073848896494e-01
1.484000000000000000e+03,2.269401252269744873e-01,-1.288177394866943359e+01,2.647415999616214433e-01
1.488000000000000000e+03,1.528848707675933838e-01,-1.631270980834960938e+01,2.898083249952083662e-01
1.492000000000000000e+03,2.504911720752716064e-01,-1.202415275573730469e+01,3.062725648234633780e-01
1.496000000000000000e+03,2.360011041164398193e-01,-1.254171943664550781e+01,3.279209732414679057e-01
1.500000000000000000e+03,2.245729118585586548e-01,-1.297285270690917969e+01,3.294414796771622522e-01
1.504000000000000000e+03,3.040480315685272217e-01,-1.034115600585937500e+01,3.061341890193790549e-01
1.508000000000000000e+03,1.583006531000137329e-01,-1.601034545898437500e+01,2.882024193187118222e-01
1.512000000000000000e+03,1.674746125936508179e-01,-1.552102088928222656e+01,3.495998547927698930e-01
1.516000000000000000e+03,1.721312254667282104e-01,-1.528280735015869141e+01,4.315692448733102760e-01
1.520000000000000000e+03,4.432600140571594238e-01,-7.066829204559326172e+00,5.275293884580279924e-01
1.524000000000000000e+03,5.960088968276977539e-01,-4.494945526123046875e+00,5.410180841220570969e-01
1.528000000000000000e+03,5.000941753387451172e-01,-6.018963813781738281e+00,5.668618656875890061e-01
1.532000000000000000e+03,2.155190259218215942e-01,-1.333028793334960938e+01,5.526314144661844674e-01
1.536000000000000000e+03,2.641823291778564453e-01,-1.156192588806152344e+01,4.253176464353173314e-01
1.540000000000000000e+03,3.925735950469970703e-01,-8.121578216552734375e+00,3.642532692554591445e-01
1.544000000000000000e+03,1.425391584634780884e-01,-1.692131614685058594e+01,3.810255789065813969e-01
1.548000000000000000e+03,2.825933694839477539e-01,-1.097676086425781250e+01,4.167291636431027513e-01
1.552000000000000000e+03,2.752591073513031006e-01,-1.120516681671142578e+01,4.150089293303136362e-01
1.556000000000000000e+03,3.913523554801940918e-01,-8.148640632629394531e+00,4.755725037414114120e-01
1.560000000000000000e+03,3.864464163780212402e-01,-8.258214950561523438e+00,4.653825833268411816e-01
1.564000000000000000e+03,3.582561910152435303e-01,-8.916126251220703125e+00,4.839172767715287926e-01
1.568000000000000000e+03,2.462986260652542114e-01,-1.217076110839843750e+01,4.176573056687200580e-01
1.572000000000000000e+03,3.412764966487884521e-01,-9.337872505187988281e+00,3.334707357593622024e-01
1.576000000000000000e+03,1.553457379341125488e-01,-1.617401313781738281e+01,3.154197384604183196e-01
1.580000000000000000e+03,8.658833801746368408e-02,-2.125081253051757812e+01,2.886749746141025752e-01
1.584000000000000000e+03,2.939616441726684570e-01,-1.063418579101562500e+01,2.254845002278303701e-01
1.588000000000000000e+03,1.510383784770965576e-01,-1.641825294494628906e+01,2.711996890197042043e-01
1.592000000000000000e+03,1.162028983235359192e-01,-1.869566154479980469e+01,3.516187103326614549e-01
1.596000000000000000e+03,3.181753754615783691e-01,-9.946669578552246094e+00,3.500394038024452481e-01
1.600000000000000000e+03,3.730270564556121826e-01,-8.565193176269531250e+00,3.755965354301297188e-01
1.604000000000000000e+03,2.883364260196685791e-01,-1.080200958251953125e+01,3.726144858125431947e-01
1.608000000000000000e+03,2.420684844255447388e-01,-1.232123470306396484e+01,3.400602768110395635e-01
1.612000000000000000e+03,1.055813506245613098e-01,-1.952825546264648438e+01,2.747589794371438354e-01
1.616000000000000000e+03,2.022228837013244629e-01,-1.388339424133300781e+01,2.718644082952921814e-01
1.620000000000000000e+03,1.404350697994232178e-01,-1.705048751831054688e+01,2.824617248823659832e-01
1.624000000000000000e+03,2.780264616012573242e-01,-1.111827850341796875e+01,3.113653558490330764e-01
1.628000000000000000e+03,2.798143029212951660e-01,-1.106260299682617188e+01,2.919522881428286976e-01
1.632000000000000000e+03,2.085311114788055420e-01,-1.361658287048339844e+01,3.057130791001773096e-01
1.636000000000000000e+03,1.330768764019012451e-01,-1.751794815063476562e+01,2.666419286514278841e-01
1.640000000000000000e+03,1.894486397504806519e-01,-1.445016956329345703e+01,2.320321595472943921e-01
1.644000000000000000e+03,1.388617455959320068e-01,-1.714834594726562500e+01,2.275782751624352562e-01
1.648000000000000000e+03,1.565402597188949585e-01,-1.610747909545898438e+01,2.105927184235850957e-01
1.652000000000000000e+03,1.926671415567398071e-01,-1.430384731292724609e+01,2.116090124799153149e-01
1.656000000000000000e+03,7.257724553346633911e-02,-2.278398895263671875e+01,1.797213718925110282e-01
1.660000000000000000e+03,1.930685043334960938e-01,-1.428577232360839844e+01,1.765204420084507952e-01
1.664000000000000000e+03,2.528345584869384766e-02,-3.194327163696289062e+01,1.402240954225795477e-01
1.668000000000000000e+03,1.451390981674194336e-01,-1.676431274414062500e+01,1.428798704068175995e-01
1.672000000000000000e+03,6.338579952716827393e-02,-2.396016120910644531e+01,1.046642885265744727e-01
1.676000000000000000e+03,8.203665912151336670e-02,-2.171984100341796875e+01,1.607848349203183369e-01
1.680000000000000000e+03,5.695117637515068054e-02,-2.488994598388671875e+01,1.852666464843008565e-01
1.684000000000000000e+03,2.251751869916915894e-01,-1.294958972930908203e+01,2.301115813265374732e-01
1.688000000000000000e+03,2.323390990495681763e-01,-1.267755413055419922e+01,2.483672473002731251e-01
1.692000000000000000e+03,2.231157422065734863e-01,-1.302939510345458984e+01,2.796421881834383338e-01
1.696000000000000000e+03,1.470602005720138550e-01,-1.665009689331054688e+01,2.280594486146893529e-01
1.700000000000000000e+03,1.683471351861953735e-01,-1.547588539123535156e+01,2.080357217411439585e-01
1.704000000000000000e+03,4.144634306430816650e-02,-2.765027618408203125e+01,1.956647926551546568e-01
1.708000000000000000e+03,1.610180288553237915e-01,-1.586251068115234375e+01,2.284150396238728564e-01
1.712000000000000000e+03,1.790526211261749268e-01,-1.494038581848144531e+01,2.527666919177903315e-01
1.716000000000000000e+03,2.637109458446502686e-01,-1.157743644714355469e+01,2.749927051063505434e-01
1.720000000000000000e+03,2.550835311412811279e-01,-1.186635208129882812e+01,2.709212618912328341e-01
1.724000000000000000e+03,1.206115782260894775e-01,-1.837221908569335938e+01,2.376149231214400026e-01
1.728000000000000000e+03,1.465162485837936401e-01,-1.668228340148925781e+01,2.160151487197155828e-01
1.732000000000000000e+03,6.042117252945899963e-02,-2.437621688842773438e+01,1.904723583744231952e-01
1.736000000000000000e+03,1.867762655019760132e-01,-1.457356548309326172e+01,1.887680362750466245e-01
1.740000000000000000e+03,1.641045063734054565e-01,-1.569758987426757812e+01,1.807437143470379537e-01
1.744000000000000000e+03,1.145410761237144470e-01,-1.882077407836914062e+01,2.021720282170008931e-01
1.748000000000000000e+03,1.179349943995475769e-01,-1.856714630126953125e+01,2.023071659369045372e-01
1.752000000000000000e+03,1.367451399564743042e-01,-1.728176116943359375e+01,1.828977818652234577e-01
1.756000000000000000e+03,1.872576028108596802e-01,-1.455121040344238281e+01,1.790042533864793783e-01
1.760000000000000000e+03,9.497161954641342163e-02,-2.044812202453613281e+01,1.987134489112955538e-01
1.764000000000000000e+03,1.006729975342750549e-01,-1.994174003601074219e+01,2.108458182114492097e-01
1.768000000000000000e+03,1.881357580423355103e-01,-1.451057338714599609e+01,1.801403147217830736e-01
1.772000000000000000e+03,1.799585521221160889e-01,-1.489655017852783203e+01,1.696495055844697564e-01
1.776000000000000000e+03,7.788988202810287476e-02,-2.217037963867187500e+01,1.584705062907225126e-01
1.780000000000000000e+03,5.760516226291656494e-02,-2.479077148437500000e+01,1.316534377817513146e-01
1.784000000000000000e+03,6.085532531142234802e-02,-2.431402969360351562e+01,1.454090996806948199e-01
1.788000000000000000e+03,9.261797368526458740e-02,-2.066609382629394531e+01,1.802622083008660892e-01
1.792000000000000000e+03,2.289538532495498657e-01,-1.280504131317138672e+01,1.938545101079640620e-01
1.796000000000000000e+03,2.020306587219238281e-01,-1.389165401458740234e+01,1.964661703788111446e-01
1.800000000000000000e+03,1.060186028480529785e-01,-1.949235916137695312e+01,2.142831219653444919e-01
1.804000000000000000e+03,7.015760987997055054e-02,-2.307850265502929688e+01,1.912570175013004192e-01
1.808000000000000000e+03,1.560788899660110474e-01,-1.613311576843261719e+01,1.481472931111888214e-01
1.812000000000000000e+03,1.469388306140899658e-01,-1.665726852416992188e+01,1.593821273933040683e-01
1.816000000000000000e+03,4.848123714327812195e-02,-2.628852653503417969e+01,1.796675261922927591e-01
1.820000000000000000e+03,1.460351496934890747e-01,-1.671085166931152344e+01,1.899126822986433039e-01
1.824000000000000000e+03,1.424107104539871216e-01,-1.692914772033691406e+01,1.723021711293442892e-01
1.828000000000000000e+03,1.925703734159469604e-01,-1.430821037292480469e+01,1.775905765355351440e-01
1.832000000000000000e+03,8.421321958303451538e-02,-2.149239540100097656e+01,1.798169727719109434e-01
1.836000000000000000e+03,6.731762737035751343e-02,-2.343742370605468750e+01,1.700835239128957732e-01
1.840000000000000000e+03,1.539651900529861450e-01,-1.625154876708984375e+01,1.614072070413866133e-01
1.844000000000000000e+03,1.077418401837348938e-01,-1.935231208801269531e+01,1.997868445322026898e-01
1.848000000000000000e+03,1.616668254137039185e-01,-1.582758140563964844e+01,2.404232007841256291e-01
1.852000000000000000e+03,2.209148854017257690e-01,-1.311550045013427734e+01,2.231546526405234765e-01
1.856000000000000000e+03,2.120573371648788452e-01,-1.347093391418457031e+01,2.126352236919953897e-01
1.860000000000000000e+03,9.245759248733520508e-02,-2.068114852905273438e+01,2.090149702736754656e-01
1.864000000000000000e+03,7.027344405651092529e-02,-2.306417465209960938e+01,1.751971365727903462e-01
1.868000000000000000e+03,1.487721055746078491e-01,-1.654957008361816406e+01,1.585776904331396564e-01
1.872000000000000000e+03,1.004615798592567444e-01,-1.996000099182128906e+01,1.728576667715097381e-01
1.876000000000000000e+03,1.528617292642593384e-01,-1.631402587890625000e+01,2.076260727154991270e-01
1.880000000000000000e+03,1.433204114437103271e-01,-1.687383842468261719e+01,2.211412294679558355e-01
1.884000000000000000e+03,1.941125243902206421e-01,-1.423892879486083984e+01,2.472445618882856966e-01
1.888000000000000000e+03,1.969107687473297119e-01,-1.411461067199707031e+01,2.381020717593931579e-01
1.892000000000000000e+03,1.934371590614318848e-01,-1.426920127868652344e+01,2.393431616520053096e-01
1.896000000000000000e+03,1.202977523207664490e-01,-1.839484977722167969e+01,2.016522759620692773e-01
1.900000000000000000e+03,1.477409601211547852e-01,-1.660998153686523438e+01,1.849422053010715550e-01
1.904000000000000000e+03,5.986407399177551270e-02,-2.445667457580566406e+01,1.562369425508290943e-01
1.908000000000000000e+03,1.373923718929290771e-01,-1.724074935913085938e+01,1.632807985270600115e-01
1.912000000000000000e+03,9.119395166635513306e-02,-2.080067825317382812e+01,1.558707942994879414e-01
1.916000000000000000e+03,1.453867554664611816e-01,-1.674950408935546875e+01,2.032108445293865362e-01
1.920000000000000000e+03,1.213477998971939087e-01,-1.831936264038085938e+01,2.058332367064927559e-01
1.924000000000000000e+03,2.284811884164810181e-01,-1.282299041748046875e+01,2.084962660033526927e-01
1.928000000000000000e+03,1.467328816652297974e-01,-1.666945075988769531e+01,2.338798087073804266e-01
1.932000000000000000e+03,1.006792038679122925e-01,-1.994120407104492188e+01,2.298002744653822871e-01
1.936000000000000000e+03,2.357985675334930420e-01,-1.254917621612548828e+01,2.151479644655144297e-01
1.940000000000000000e+03,1.068172007799148560e-01,-1.942717552185058594e+01,2.448932274788184205e-01
1.944000000000000000e+03,1.762921810150146484e-01,-1.507533931732177734e+01,2.619361556225939247e-01
1.948000000000000000e+03,2.526803910732269287e-01,-1.194856834411621094e+01,2.259445884807681770e-01
1.952000000000000000e+03,1.613831818103790283e-01,-1.584283447265625000e+01,2.069077252854002458e-01
1.956000000000000000e+03,1.076027974486351013e-01,-1.936352920532226562e+01,1.873774046265693494e-01
1.960000000000000000e+03,3.901116922497749329e-02,-2.817622184753417969e+01,1.847377552178798843e-01
1.964000000000000000e+03,1.067285388708114624e-01,-1.943438911437988281e+01,1.857414065217629084e-01
1.968000000000000000e+03,2.432784140110015869e-01,-1.227792835235595703e+01,1.713941614946813130e-01
1.972000000000000000e+03,1.649580150842666626e-01,-1.565253162384033203e+01,1.710174392668973309e-01
1.976000000000000000e+03,5.650037899613380432e-02,-2.495897293090820312e+01,1.604439836786925866e-01
1.980000000000000000e+03,3.766934946179389954e-02,-2.848023986816406250e+01,1.310704142404785222e-01
1.984000000000000000e+03,6.906770914793014526e-02,-2.321450042724609375e+01,1.144644977703890704e-01
1.988000000000000000e+03,1.386548131704330444e-01,-1.716130065917968750e+01,1.090020202380571901e-01
1.992000000000000000e+03,1.058105975389480591e-01,-1.950941658020019531e+01,1.628416783334422357e-01
1.996000000000000000e+03,3.704397380352020264e-02,-2.862564849853515625e+01,1.955113518108445858e-01
2.000000000000000000e+03,2.294369488954544067e-01,-1.278673267364501953e+01,1.822381456287564261e-01
2.004000000000000000e+03,1.854314655065536499e-01,-1.463633155822753906e+01,2.086127261692190815e-01
2.008000000000000000e+03,9.137793630361557007e-02,-2.078317451477050781e+01,2.359997184118521052e-01
2.012000000000000000e+03,1.997523158788681030e-01,-1.399016380310058594e+01,1.870358066174678258e-01
2.016000000000000000e+03,1.345917284488677979e-01,-1.741963195800781250e+01,1.637166053322137715e-01
2.020000000000000000e+03,5.503591895103454590e-02,-2.518707466125488281e+01,1.851916904833386390e-01
2.024000000000000000e+03,1.023724824190139771e-01,-1.979633522033691406e+01,1.686835733593635978e-01
2.028000000000000000e+03,1.678684949874877930e-01,-1.550061607360839844e+01,1.636854502767954578e-01
2.032000000000000000e+03,1.409532427787780762e-01,-1.701849746704101562e+01,1.829852707998864403e-01
2.036000000000000000e+03,1.167892739176750183e-01,-1.865194129943847656e+01,1.825725008300571328e-01
2.040000000000000000e+03,1.237785592675209045e-01,-1.814709091186523438e+01,1.819173954013003081e-01
2.044000000000000000e+03,1.009022668004035950e-01,-1.992198181152343750e+01,2.024769833710406697e-01
2.048000000000000000e+03,1.655351221561431885e-01,-1.562219619750976562e+01,2.036204538111041074e-01
2.052000000000000000e+03,2.141829580068588257e-01,-1.338430213928222656e+01,2.132693903464311924e-01
2.056000000000000000e+03,1.208621188998222351e-01,-1.835419464111328125e+01,2.258687821689406849e-01
2.060000000000000000e+03,1.581464111804962158e-01,-1.601881217956542969e+01,2.029231633412151847e-01
2.064000000000000000e+03,1.457791328430175781e-01,-1.672609329223632812e+01,1.779361227900443376e-01
2.068000000000000000e+03,8.380677551031112671e-02,-2.153441619873046875e+01,1.610981373449802689e-01
2.072000000000000000e+03,1.251834183931350708e-01,-1.804906463623046875e+01,1.218883234716201108e-01
2.076000000000000000e+03,6.088811159133911133e-02,-2.430934906005859375e+01,1.118435165027013706e-01
2.080000000000000000e+03,1.848779991269111633e-02,-3.466229248046875000e+01,1.071493989034894984e-01
2.084000000000000000e+03,1.100012585520744324e-01,-1.917204666137695312e+01,9.630764252112786195e-02
2.088000000000000000e+03,6.708713620901107788e-02,-2.346721649169921875e+01,8.266951282819452740e-02
2.092000000000000000e+03,8.656694740056991577e-02,-2.125295829772949219e+01,1.204036890679768129e-01
2.096000000000000000e+03,1.231143996119499207e-02,-3.819382095336914062e+01,1.031912467989838517e-01
2.100000000000000000e+03,1.528904438018798828e-01,-1.631239318847656250e+01,1.346836758652751320e-01
2.104000000000000000e+03,4.869350045919418335e-02,-2.625057983398437500e+01,1.304046877701018070e-01
2.108000000000000000e+03,1.792577505111694336e-01,-1.493044090270996094e+01,1.318272275168300978e-01
2.112000000000000000e+03,7.132592797279357910e-02,-2.293505096435546875e+01,1.183216762440618963e-01
2.116000000000000000e+03,1.737828180193901062e-02,-3.519986343383789062e+01,1.467597091943984577e-01
2.120000000000000000e+03,1.047859936952590942e-01,-1.959393501281738281e+01,1.136307956831379140e-01
2.124000000000000000e+03,1.499848812818527222e-01,-1.647905158996582031e+01,1.154116959632456169e-01
2.128000000000000000e+03,6.125826016068458557e-02,-2.425670623779296875e+01,1.491866177274865091e-01
2.132000000000000000e+03,7.766918838024139404e-02,-2.219502449035644531e+01,1.999686510357714941e-01
2.136000000000000000e+03,1.376787424087524414e-01,-1.722266197204589844e+01,2.001099135040479426e-01
2.140000000000000000e+03,2.856628596782684326e-01,-1.088292503356933594e+01,2.129429567373735954e-01
2.144000000000000000e+03,1.504880338907241821e-01,-1.644996070861816406e+01,2.040910564245937697e-01
2.148000000000000000e+03,1.069673523306846619e-01,-1.941497611999511719e+01,2.178553490311145868e-01
2.152000000000000000e+03,4.614024236798286438e-02,-2.671840286254882812e+01,1.819135852137452880e-01
2.156000000000000000e+03,1.867047846317291260e-01,-1.457689094543457031e+01,1.622330617947850828e-01
2.160000000000000000e+03,1.576444804668426514e-01,-1.604642486572265625e+01,1.943537084771336243e-01
2.164000000000000000e+03,8.038939535617828369e-02,-2.189602279663085938e+01,2.494844250406534070e-01
2.168000000000000000e+03,2.213755697011947632e-01,-1.309740638732910156e+01,2.247494509352372938e-01
2.172000000000000000e+03,2.425063699483871460e-01,-1.230553722381591797e+01,2.249375819527082154e-01
2.176000000000000000e+03,9.860306233167648315e-02,-2.012219238281250000e+01,2.400952966497586494e-01
2.180000000000000000e+03,1.583145707845687866e-01,-1.600958251953125000e+01,2.061669204446009429e-01
2.184000000000000000e+03,1.343785673379898071e-01,-1.743339920043945312e+01,1.791934574899869126e-01
2.188000000000000000e+03,1.005285307765007019e-01,-1.995421218872070312e+01,1.734596262023470892e-01
2.192000000000000000e+03,1.464315354824066162e-01,-1.668730735778808594e+01,1.500030050590491215e-01
2.196000000000000000e+03,7.818014174699783325e-02,-2.213807106018066406e+01,1.301437929430261653e-01
2.200000000000000000e+03,7.476612180471420288e-02,-2.252590179443359375e+01,1.121923196674621259e-01
2.204000000000000000e+03,6.364347040653228760e-02,-2.392492294311523438e+01,1.132058107310261047e-01
2.208000000000000000e+03,3.658847138285636902e-02,-2.873311614990234375e+01,1.294532474359542662e-01
2.212000000000000000e+03,1.500414162874221802e-01,-1.647577667236328125e+01,1.273481852260010816e-01
2.216000000000000000e+03,1.360507160425186157e-01,-1.732598304748535156e+01,1.540996009506726272e-01
2.220000000000000000e+03,6.726825237274169922e-02,-2.344379615783691406e+01,2.100949592029402735e-01
2.224000000000000000e+03,1.589274108409881592e-01,-1.597602367401123047e+01,1.791893262133351372e-01
2.228000000000000000e+03,2.360343039035797119e-01,-1.254049777984619141e+01,1.503810221021482929e-01
2.232000000000000000e+03,3.996086865663528442e-02,-2.796730041503906250e+01,1.725811348008340351e-01
2.236000000000000000e+03,3.344049304723739624e-02,-2.951454544067382812e+01,1.734244883870579568e-01
2.240000000000000000e+03,1.463412344455718994e-01,-1.669266510009765625e+01,1.517252370271306716e-01
2.244000000000000000e+03,1.619312912225723267e-01,-1.581338405609130859e+01,1.599073904575213090e-01
2.248000000000000000e+03,1.587453037500381470e-01,-1.598598289489746094e+01,1.809039043377362876e-01
2.252000000000000000e+03,6.910429149866104126e-02,-2.320989990234375000e+01,1.532712757984256713e-01
2.256000000000000000e+03,1.082264631986618042e-01,-1.931333160400390625e+01,1.172175083645097260e-01
2.260000000000000000e+03,4.791856557130813599e-02,-2.638992309570312500e+01,9.234380285144946909e-02
2.264000000000000000e+03,3.351397439837455750e-02,-2.949548339843750000e+01,9.323801611388128630e-02
2.268000000000000000e+03,7.014944404363632202e-02,-2.307951354980468750e+01,7.622347350132814559e-02
2.272000000000000000e+03,7.228932529687881470e-02,-2.281851768493652344e+01,8.106719560997446838e-02
2.276000000000000000e+03,4.762358963489532471e-02,-2.644355773925781250e+01,1.007798875544986816e-01
2.280000000000000000e+03,6.517107039690017700e-02,-2.371890258789062500e+01,9.971286351267064085e-02
2.284000000000000000e+03,1.037271916866302490e-01,-1.968214797973632812e+01,9.520428625440652270e-02
2.288000000000000000e+03,6.634888797998428345e-02,-2.356332778930664062e+01,8.925132996137230545e-02
2.292000000000000000e+03,5.623054876923561096e-02,-2.500055313110351562e+01,1.333777468929797649e-01
2.296000000000000000e+03,2.642018347978591919e-02,-3.156128311157226562e+01,1.280888488712692286e-01
2.300000000000000000e+03,2.223417758941650391e-01,-1.305957889556884766e+01,1.423212747383240939e-01
2.304000000000000000e+03,8.488904684782028198e-02,-2.142296791076660156e+01,1.689272768461038410e-01
2.308000000000000000e+03,1.170423403382301331e-01,-1.863314056396484375e+01,1.923039143816382968e-01
2.312000000000000000e+03,1.509965509176254272e-01,-1.642066001892089844e+01,1.410341477813119027e-01
2.316000000000000000e+03,1.096837446093559265e-01,-1.919715499877929688e+01,1.397883158106392187e-01
2.320000000000000000e+03,3.972768783569335938e-02,-2.801813316345214844e+01,1.213028473116768285e-01
2.324000000000000000e+03,8.045160770416259766e-02,-2.188930511474609375e+01,1.186683687971053641e-01
2.328000000000000000e+03,5.120028182864189148e-02,-2.581455230712890625e+01,1.085613123791338147e-01
2.332000000000000000e+03,1.416129916906356812e-01,-1.697793769836425781e+01,1.403454514127514818e-01
2.336000000000000000e+03,7.368414849042892456e-02,-2.265251922607421875e+01,1.224175855070469277e-01
2.340000000000000000e+03,1.529373228549957275e-01,-1.630973052978515625e+01,1.450812640523077568e-01
2.344000000000000000e+03,1.659563370048999786e-02,-3.560012435913085938e+01,1.532410521105664336e-01
2.348000000000000000e+03,1.319244056940078735e-01,-1.759349632263183594e+01,1.811225152868081167e-01
2.352000000000000000e+03,1.706767529249191284e-01,-1.535651206970214844e+01,2.027047019548171292e-01
2.356000000000000000e+03,1.729931235313415527e-01,-1.523942375183105469e+01,2.418928245339699856e-01
2.360000000000000000e+03,2.298093587160110474e-01,-1.277264595031738281e+01,2.474498999344842964e-01
2.364000000000000000e+03,1.561769843101501465e-01,-1.612765884399414062e+01,2.177493446558020351e-01
2.368000000000000000e+03,1.517177522182464600e-01,-1.637927246093750000e+01,1.865122337160529109e-01
2.372000000000000000e+03,6.488848477602005005e-02,-2.375664710998535156e+01,1.478314543964305561e-01
2.376000000000000000e+03,6.173190847039222717e-02,-2.418980598449707031e+01,1.577639554857767357e-01
2.380000000000000000e+03,9.203507751226425171e-02,-2.072093200683593750e+01,1.680989705199276985e-01
2.384000000000000000e+03,1.915548443794250488e-01,-1.435413742065429688e+01,1.976548579033011732e-01
2.388000000000000000e+03,1.885292977094650269e-01,-1.449242401123046875e+01,1.935791871893919602e-01
2.392000000000000000e+03,1.701614707708358765e-01,-1.538277626037597656e+01,1.972999446326671180e-01
2.396000000000000000e+03,4.721507057547569275e-02,-2.651838684082031250e+01,1.847631327613426522e-01
2.400000000000000000e+03,1.052877753973007202e-01,-1.955244064331054688e+01,1.622295852470406752e-01
2.404000000000000000e+03,1.469008773565292358e-01,-1.665951156616210938e+01,1.512474303038745804e-01
2.408000000000000000e+03,1.082686781883239746e-01,-1.930994224548339844e+01,1.548054112634995316e-01
2.412000000000000000e+03,1.310449242591857910e-01,-1.765159606933593750e+01,1.704195326707499958e-01
2.416000000000000000e+03,5.988798663020133972e-02,-2.445320510864257812e+01,1.443336384214617685e-01
2.420000000000000000e+03,1.609025895595550537e-01,-1.586873912811279297e+01,1.494670770257134629e-01
2.424000000000000000e+03,5.398740991950035095e-02,-2.535414886474609375e+01,1.389267678728624555e-01
2.428000000000000000e+03,1.265531033277511597e-01,-1.795454406738281250e+01,1.362410280592389611e-01
2.432000000000000000e+03,9.350215643644332886e-02,-2.058356857299804688e+01,1.437564624669636637e-01
2.436000000000000000e+03,5.032184347510337830e-02,-2.596487045288085938e+01,2.115712672538178352e-01
2.440000000000000000e+03,1.876712739467620850e-01,-1.453204345703125000e+01,2.073878235598319852e-01
2.444000000000000000e+03,2.955320775508880615e-01,-1.058790683746337891e+01,2.101528776098121332e-01
2.448000000000000000e+03,1.116523966193199158e-01,-1.904263877868652344e+01,2.497650652783387770e-01
2.452000000000000000e+03,1.033508032560348511e-01,-1.971372222900390625e+01,2.089213471776042719e-01
2.456000000000000000e+03,1.914136409759521484e-01,-1.436054229736328125e+01,1.364444730394275274e-01
2.460000000000000000e+03,4.219297692179679871e-02,-2.749519538879394531e+01,1.293101326914879168e-01
2.464000000000000000e+03,3.738192096352577209e-02,-2.854676818847656250e+01,1.450907727869100994e-01
2.468000000000000000e+03,8.624110370874404907e-02,-2.128571510314941406e+01,1.152640912008891377e-01
2.472000000000000000e+03,1.595587283372879028e-01,-1.594158935546875000e+01,1.594140145736986647e-01
2.476000000000000000e+03,8.517613261938095093e-02,-2.139364242553710938e+01,1.564394723747973281e-01
2.480000000000000000e+03,1.994474083185195923e-01,-1.400343132019042969e+01,1.739254762788480513e-01
2.484000000000000000e+03,2.678711339831352234e-02,-3.144148063659667969e+01,1.827194686436842130e-01
2.488000000000000000e+03,1.485232412815093994e-01,-1.656411170959472656e+01,1.816826918223039267e-01
2.492000000000000000e+03,1.908814162015914917e-01,-1.438472747802734375e+01,1.362530903411692529e-01
2.496000000000000000e+03,8.148331195116043091e-02,-2.177862548828125000e+01,1.666960485848847096e-01
2.500000000000000000e+03,3.763498365879058838e-02,-2.848816680908203125e+01,1.508685315731254639e-01
2.504000000000000000e+03,1.352196931838989258e-01,-1.737920188903808594e+01,1.187847233277966180e-01
2.508000000000000000e+03,9.214834868907928467e-02,-2.071024894714355469e+01,1.208622429961429268e-01
2.512000000000000000e+03,7.660441100597381592e-02,-2.231492614746093750e+01,1.437621040128521377e-01
2.516000000000000000e+03,8.888307958841323853e-02,-2.102361869812011719e+01,1.754483474782157215e-01
2.520000000000000000e+03,1.192003488540649414e-01,-1.847444915771484375e+01,1.952216039384545854e-01
2.524000000000000000e+03,2.480806410312652588e-01,-1.210814285278320312e+01,2.052772484488075699e-01
2.528000000000000000e+03,1.625772863626480103e-01,-1.577880287170410156e+01,2.175721097497634871e-01
2.532000000000000000e+03,1.124208867549896240e-01,-1.898306083679199219e+01,2.016407983342271559e-01
2.536000000000000000e+03,1.326752603054046631e-01,-1.754420089721679688e+01,1.542218062058169914e-01
2.540000000000000000e+03,6.245575845241546631e-02,-2.408855056762695312e+01,1.632538228593633234e-01
2.544000000000000000e+03,7.918234914541244507e-02,-2.202743339538574219e+01,1.439426669498541367e-01
2.548000000000000000e+03,1.947477757930755615e-01,-1.421054935455322266e+01,1.419113673771519035e-01
2.552000000000000000e+03,4.363787174224853516e-02,-2.720272827148437500e+01,1.602241683840348319e-01
2.556000000000000000e+03,1.254401206970214844e-01,-1.803127098083496094e+01,1.607899064546181589e-01
2.560000000000000000e+03,1.276828050613403320e-01,-1.787735176086425781e+01,1.596602292491074715e-01
2.564000000000000000e+03,8.119741082191467285e-02,-2.180915641784667969e+01,1.658726861940839903e-01
2.568000000000000000e+03,1.907240599393844604e-01,-1.439189052581787109e+01,1.756514410384157066e-01
2.572000000000000000e+03,6.576557457447052002e-02,-2.364002609252929688e+01,1.900092067014061692e-01
2.576000000000000000e+03,1.602703630924224854e-01,-1.590293502807617188e+01,2.010975678771997066e-01
2.580000000000000000e+03,1.788226962089538574e-01,-1.495154762268066406e+01,1.749512764550485988e-01
2.584000000000000000e+03,1.206922456622123718e-01,-1.836641311645507812e+01,1.968142978968081269e-01
2.588000000000000000e+03,9.759546816349029541e-02,-2.021140670776367188e+01,1.766003565872879821e-01
2.592000000000000000e+03,1.436378955841064453e-01,-1.685461997985839844e+01,1.708087501800930608e-01
2.596000000000000000e+03,8.827178180217742920e-02,-2.108356285095214844e+01,2.084869993929388821e-01
2.600000000000000000e+03,1.581939905881881714e-01,-1.601620101928710938e+01,1.839733887650321364e-01
2.604000000000000000e+03,2.548956871032714844e-01,-1.187275028228759766e+01,1.960848234744360374e-01
2.608000000000000000e+03,1.028220448642969131e-02,-3.975827407836914062e+01,1.937556473503216636e-01
2.612000000000000000e+03,1.867767423391342163e-01,-1.457354450225830078e+01,2.115989930881419512e-01
2.616000000000000000e+03,7.997565716505050659e-02,-2.194084358215332031e+01,1.840715165214929783e-01
2.620000000000000000e+03,2.217489182949066162e-01,-1.308277034759521484e+01,2.347735722358982591e-01
2.624000000000000000e+03,1.568475514650344849e-01,-1.609044647216796875e+01,2.197392310562757411e-01
2.628000000000000000e+03,1.908742040395736694e-01,-1.438505554199218750e+01,2.447535631347759200e-01
2.632000000000000000e+03,1.332270056009292603e-01,-1.750815582275390625e+01,1.913620052687887985e-01
2.636000000000000000e+03,1.690724045038223267e-01,-1.543854618072509766e+01,1.842285016351077886e-01
2.640000000000000000e+03,3.157737478613853455e-02,-3.001247787475585938e+01,1.821284743532055606e-01
2.644000000000000000e+03,1.314392387866973877e-01,-1.762549972534179688e+01,1.819301312382087255e-01
2.648000000000000000e+03,1.833942681550979614e-01,-1.473228454589843750e+01,1.973797086029377423e-01
2.652000000000000000e+03,1.325205415487289429e-01,-1.755433654785156250e+01,2.125813727623130367e-01
2.656000000000000000e+03,2.241011410951614380e-01,-1.299111843109130859e+01,2.485387664020326792e-01
2.660000000000000000e+03,8.572308719158172607e-02,-2.133804321289062500e+01,2.576278637022994533e-01
2.664000000000000000e+03,2.595132887363433838e-01,-1.171680831909179688e+01,2.627098025439353890e-01
2.668000000000000000e+03,2.157680690288543701e-01,-1.332025623321533203e+01,2.310891637518015518e-01
2.672000000000000000e+03,1.506215333938598633e-01,-1.644225883483886719e+01,2.304696542393904757e-01
2.676000000000000000e+03,1.114738658070564270e-01,-1.905653762817382812e+01,1.646437903658978241e-01
2.680000000000000000e+03,8.351650089025497437e-02,-2.156455612182617188e+01,1.651683098003177419e-01
2.684000000000000000e+03,2.505288645625114441e-02,-3.202284240722656250e+01,1.618768348827650527e-01
2.688000000000000000e+03,2.176363170146942139e-01,-1.324537277221679688e+01,1.649889684661332290e-01
2.692000000000000000e+03,1.388978660106658936e-01,-1.714608955383300781e+01,1.687469241335592951e-01
2.696000000000000000e+03,1.225587502121925354e-01,-1.823311233520507812e+01,1.822318953732448288e-01
2.700000000000000000e+03,9.690169245004653931e-02,-2.027337265014648438e+01,1.290053328525324061e-01
2.704000000000000000e+03,7.308403402566909790e-02,-2.272355079650878906e+01,1.051282010866203959e-01
2.708000000000000000e+03,2.805245853960514069e-02,-3.104058265686035156e+01,9.254138507941743474e-02
2.712000000000000000e+03,5.385163053870201111e-02,-2.537602233886718750e+01,8.320334227758040269e-02
2.716000000000000000e+03,7.772667706012725830e-02,-2.218859863281250000e+01,6.533502218798066530e-02
2.720000000000000000e+03,6.364119052886962891e-02,-2.392523574829101562e+01,8.814772006564135232e-02
2.724000000000000000e+03,9.440151974558830261e-03,-4.050041961669921875e+01,1.311769609112199142e-01
2.728000000000000000e+03,1.093073636293411255e-01,-1.922701072692871094e+01,1.593836109922738553e-01
2.732000000000000000e+03,2.071143835783004761e-01,-1.367579460144042969e+01,1.841979369861881655e-01
2.736000000000000000e+03,1.781939119100570679e-01,-1.498214244842529297e+01,2.075912444844856264e-01
2.740000000000000000e+03,1.520255506038665771e-01,-1.636166763305664062e+01,2.202916381769342291e-01
2.744000000000000000e+03,9.276308864355087280e-02,-2.065249633789062500e+01,2.236313329372089653e-01
2.748000000000000000e+03,1.545439809560775757e-01,-1.621895790100097656e+01,1.908631405394298486e-01
2.752000000000000000e+03,2.190098017454147339e-01,-1.319072914123535156e+01,1.892258413439513176e-01
2.756000000000000000e+03,6.147924810647964478e-02,-2.422542762756347656e+01,1.912118642163360138e-01
2.760000000000000000e+03,1.461937725543975830e-01,-1.670142364501953125e+01,1.532238325311248428e-01
2.764000000000000000e+03,9.983696043491363525e-02,-2.001417350769042969e+01,1.151342838737591107e-01
2.768000000000000000e+03,1.923714764416217804e-02,-3.431718444824218750e+01,1.115780349126494625e-01
2.772000000000000000e+03,8.334138244390487671e-02,-2.158278656005859375e+01,9.160660477205111174e-02
2.776000000000000000e+03,4.881250113248825073e-02,-2.622937965393066406e+01,8.903669549681442197e-02
2.780000000000000000e+03,7.505897432565689087e-02,-2.249194908142089844e+01,1.088967981905764049e-01
2.784000000000000000e+03,9.068338572978973389e-02,-2.084944534301757812e+01,1.252605298103048881e-01
2.788000000000000000e+03,8.997541666030883789e-02,-2.091752243041992188e+01,1.416907823053762672e-01
2.792000000000000000e+03,1.416261792182922363e-01,-1.697712898254394531e+01,1.614357892004597839e-01
2.796000000000000000e+03,1.073342338204383850e-01,-1.938523483276367188e+01,1.707001509446860466e-01
2.800000000000000000e+03,1.453872919082641602e-01,-1.674947166442871094e+01,1.870938432102287330e-01
2.804000000000000000e+03,1.236814484000205994e-01,-1.815390777587890625e+01,1.568984498895568680e-01
2.808000000000000000e+03,1.483669281005859375e-01,-1.657325744628906250e+01,1.523398193384515320e-01
2.812000000000000000e+03,3.407538309693336487e-02,-2.935118484497070312e+01,1.509431215115995817e-01
2.816000000000000000e+03,9.109717607498168945e-02,-2.080990028381347656e+01,1.435796302296621085e-01
2.820000000000000000e+03,1.404124945402145386e-01,-1.705188560485839844e+01,1.217898066430290055e-01
2.824000000000000000e+03,9.745395928621292114e-02,-2.022401046752929688e+01,1.447653725199619101e-01
2.828000000000000000e+03,7.075532525777816772e-02,-2.300481796264648438e+01,1.470311926404164471e-01
2.832000000000000000e+03,1.159103959798812866e-01,-1.871755218505859375e+01,1.348200948038871527e-01
2.836000000000000000e+03,9.916763752698898315e-02,-2.007260131835937500e+01,1.310258445637094704e-01
2.840000000000000000e+03,9.691866487264633179e-02,-2.027185249328613281e+01,1.379686254575036575e-01
2.844000000000000000e+03,8.393949270248413086e-02,-2.152067375183105469e+01,1.351760476919874887e-01
2.848000000000000000e+03,9.548431634902954102e-02,-2.040135955810546875e+01,1.316132660843039592e-01
2.852000000000000000e+03,1.059637144207954407e-01,-1.949685668945312500e+01,1.649504199943475635e-01
2.856000000000000000e+03,8.647762238979339600e-02,-2.126192474365234375e+01,1.761078644829009165e-01
2.860000000000000000e+03,2.156598716974258423e-01,-1.332461357116699219e+01,1.679496619981622196e-01
2.864000000000000000e+03,1.236803904175758362e-01,-1.815398406982421875e+01,1.654226573383199839e-01
2.868000000000000000e+03,6.642620265483856201e-02,-2.355321121215820312e+01,1.545457777831686919e-01
2.872000000000000000e+03,9.696295857429504395e-02,-2.026788330078125000e+01,9.593373296061874500e-02
2.876000000000000000e+03,4.773604869842529297e-02,-2.642307090759277344e+01,7.545061021518451039e-02
2.880000000000000000e+03,6.893851794302463531e-03,-4.323076248168945312e+01,7.184144744436211927e-02
2.884000000000000000e+03,5.072303116321563721e-02,-2.589589691162109375e+01,6.715879701406411717e-02
2.888000000000000000e+03,5.357098579406738281e-02,-2.542140769958496094e+01,9.320530607730803663e-02
2.892000000000000000e+03,8.028416335582733154e-02,-2.190740203857421875e+01,1.283954638572194218e-01
2.896000000000000000e+03,1.405092328786849976e-01,-1.704590225219726562e+01,1.432131148699399836e-01
2.900000000000000000e+03,1.322351396083831787e-01,-1.757306289672851562e+01,2.006467964375312218e-01
2.904000000000000000e+03,1.035009548068046570e-01,-1.970111274719238281e+01,1.943150470489230230e-01
2.908000000000000000e+03,2.581398785114288330e-01,-1.176289749145507812e+01,1.800840143111086811e-01
2.912000000000000000e+03,5.773156136274337769e-02,-2.477173233032226562e+01,1.633612527865939690e-01
2.916000000000000000e+03,8.982074260711669922e-02,-2.093246650695800781e+01,1.575635822928099783e-01
2.920000000000000000e+03,7.267154008150100708e-02,-2.277271270751953125e+01,1.160365562633403208e-01
2.924000000000000000e+03,8.285064995288848877e-02,-2.163408279418945312e+01,1.179317726290267793e-01
2.928000000000000000e+03,1.102277562022209167e-01,-1.915418052673339844e+01,1.414192873545372375e-01
2.932000000000000000e+03,6.448199599981307983e-02,-2.381122970581054688e+01,1.795708407220351632e-01
2.936000000000000000e+03,1.734792292118072510e-01,-1.521505165100097656e+01,2.075504902247357619e-01
2.940000000000000000e+03,2.085608094930648804e-01,-1.361534595489501953e+01,1.846417950742951508e-01
2.944000000000000000e+03,1.825093477964401245e-01,-1.477429771423339844e+01,1.737998410181899045e-01
2.948000000000000000e+03,2.863092534244060516e-02,-3.086329269409179688e+01,1.512308628386082598e-01
2.952000000000000000e+03,2.586482092738151550e-02,-3.174581146240234375e+01,1.094829818970145530e-01
2.956000000000000000e+03,9.309241175651550293e-02,-2.062171554565429688e+01,8.910951683052446837e-02
2.960000000000000000e+03,5.986203998327255249e-02,-2.445697021484375000e+01,1.033405772844986081e-01
2.964000000000000000e+03,1.099425703287124634e-01,-1.917668151855468750e+01,1.336950571789403130e-01
2.968000000000000000e+03,7.931951433420181274e-02,-2.201239776611328125e+01,1.540913017911203220e-01
2.972000000000000000e+03,1.339822560548782349e-01,-1.745905303955078125e+01,1.651297257681760555e-01
2.976000000000000000e+03,1.657403260469436646e-01,-1.561143684387207031e+01,1.745277128712835191e-01
2.980000000000000000e+03,9.917900711297988892e-02,-2.007160377502441406e+01,1.870140018438891660e-01
2.984000000000000000e+03,1.434165835380554199e-01,-1.686801147460937500e+01,1.691334327804902005e-01
2.988000000000000000e+03,1.237935274839401245e-01,-1.814604187011718750e+01,1.766224228340723956e-01
2.992000000000000000e+03,7.029474526643753052e-02,-2.306154251098632812e+01,1.717147632053565298e-01
2.996000000000000000e+03,1.924148201942443848e-01,-1.431522941589355469e+01,1.517225135222189936e-01
3.000000000000000000e+03,8.169876784086227417e-02,-2.175569152832031250e+01,1.441518810748556589e-01
3.004000000000000000e+03,7.220762968063354492e-02,-2.282833862304687500e+01,1.376946119967462911e-01
3.008000000000000000e+03,9.682823717594146729e-02,-2.027996063232421875e+01,9.881425959216691424e-02
3.012000000000000000e+03,4.729506373405456543e-02,-2.650368499755859375e+01,9.218410443037801383e-02
3.016000000000000000e+03,5.392969399690628052e-02,-2.536344146728515625e+01,1.003827348563057914e-01
3.020000000000000000e+03,5.808329582214355469e-02,-2.471897506713867188e+01,8.628244813443029793e-02
3.024000000000000000e+03,1.014097407460212708e-01,-1.987840652465820312e+01,8.645568982166972061e-02
3.028000000000000000e+03,4.660544171929359436e-02,-2.663126754760742188e+01,9.446170234991493886e-02
3.032000000000000000e+03,4.791212081909179688e-02,-2.639109039306640625e+01,1.720902690597871099e-01
3.036000000000000000e+03,8.244573324918746948e-02,-2.167663574218750000e+01,1.872446097065898207e-01
3.040000000000000000e+03,3.345828950405120850e-01,-9.509925842285156250e+00,1.864915898835080854e-01
3.044000000000000000e+03,1.553868949413299561e-01,-1.617171287536621094e+01,2.525860505388266564e-01
3.048000000000000000e+03,4.392331466078758240e-02,-2.714609909057617188e+01,3.238001251870594177e-01
3.052000000000000000e+03,2.833292186260223389e-01,-1.095417213439941406e+01,2.453588851110398705e-01
3.056000000000000000e+03,3.360980153083801270e-01,-9.470681190490722656e+00,2.596550351360283893e-01
3.060000000000000000e+03,5.518869310617446899e-02,-2.516299819946289062e+01,2.589519232266854210e-01
3.064000000000000000e+03,2.063073217868804932e-01,-1.370970726013183594e+01,2.196848770521453997e-01
3.068000000000000000e+03,4.141895100474357605e-02,-2.765601921081542969e+01,1.878213422025308832e-01
3.072000000000000000e+03,1.434667557477951050e-01,-1.686497497558593750e+01,2.196189753453538507e-01
3.076000000000000000e+03,2.226055860519409180e-01,-1.304927825927734375e+01,1.725219675979312306e-01
3.080000000000000000e+03,1.684463918209075928e-01,-1.547076606750488281e+01,2.209945994777106071e-01
3.084000000000000000e+03,3.855588287115097046e-02,-2.827818679809570312e+01,2.046718061948689105e-01
3.088000000000000000e+03,2.140701264142990112e-01,-1.338887977600097656e+01,1.795531044715388547e-01
3.092000000000000000e+03,8.532777428627014160e-02,-2.137819290161132812e+01,1.813468273976592826e-01
3.096000000000000000e+03,1.331370919942855835e-01,-1.751401901245117188e+01,1.738027831147016533e-01
3.100000000000000000e+03,1.748353242874145508e-01,-1.514741706848144531e+01,1.530396560344185752e-01
3.104000000000000000e+03,1.168529503047466278e-02,-3.864720535278320312e+01,1.631762735671458686e-01
3.108000000000000000e+03,1.401154398918151855e-01,-1.707028007507324219e+01,1.326284786874549482e-01
3.112000000000000000e+03,1.214326620101928711e-01,-1.831328964233398438e+01,1.107360132709359485e-01
3.116000000000000000e+03,2.433110214769840240e-02,-3.227676391601562500e+01,1.331051134878026287e-01
3.120000000000000000e+03,9.685812890529632568e-02,-2.027727890014648438e+01,1.288181054864608044e-01
3.124000000000000000e+03,9.136018157005310059e-02,-2.078486251831054688e+01,1.249439176578038269e-01
3.128000000000000000e+03,1.248458549380302429e-01,-1.807251739501953125e+01,1.558432287482389433e-01
3.132000000000000000e+03,1.076334714889526367e-01,-1.936105346679687500e+01,1.480061300027306348e-01
3.136000000000000000e+03,1.343891322612762451e-01,-1.743271636962890625e+01,1.244009430523082688e-01
3.140000000000000000e+03,6.894373148679733276e-02,-2.323010444641113281e+01,1.184474408032203246e-01
3.144000000000000000e+03,7.282566744834184647e-03,-4.275431060791015625e+01,1.236542425136644419e-01
3.148000000000000000e+03,1.036405041813850403e-01,-1.968940925598144531e+01,1.030765083034410889e-01
3.152000000000000000e+03,1.261792033910751343e-01,-1.798024368286132812e+01,1.224531224611847546e-01
3.156000000000000000e+03,6.109478324651718140e-02,-2.427991676330566406e+01,1.305014516823211623e-01
3.160000000000000000e+03,1.379598975181579590e-01,-1.720494270324707031e+01,1.088108367823817507e-01
3.164000000000000000e+03,3.594933077692985535e-02,-2.888618469238281250e+01,1.253209954891477129e-01
3.168000000000000000e+03,2.638226561248302460e-02,-3.157375717163085938e+01,1.647936537338060281e-01
3.172000000000000000e+03,1.849855482578277588e-01,-1.465724468231201172e+01,1.565023676626685345e-01
3.176000000000000000e+03,2.016896009445190430e-01,-1.390633010864257812e+01,1.804327793007814151e-01
3.180000000000000000e+03,1.084277629852294922e-01,-1.929718971252441406e+01,1.781348089578872473e-01
3.184000000000000000e+03,1.211853399872779846e-01,-1.833099746704101562e+01,1.812959656296657673e-01
3.188000000000000000e+03,1.819729059934616089e-02,-3.479986572265625000e+01,1.472257328891080908e-01
3.192000000000000000e+03,1.962450444698333740e-01,-1.414402580261230469e+01,1.397496386940362545e-01
3.196000000000000000e+03,8.033729344606399536e-02,-2.190165519714355469e+01,1.389280375867498196e-01
3.200000000000000000e+03,8.179920166730880737e-02,-2.174501800537109375e+01,1.504782326106031687e-01
3.204000000000000000e+03,1.182589381933212280e-01,-1.854332160949707031e+01,1.385151975421013426e-01
3.208000000000000000e+03,5.933709815144538879e-02,-2.453347396850585938e+01,1.397434919819141308e-01
3.212000000000000000e+03,1.536347717046737671e-01,-1.627021026611328125e+01,1.622411674641650869e-01
3.216000000000000000e+03,8.471226692199707031e-02,-2.144107437133789062e+01,1.968435149128249795e-01
3.220000000000000000e+03,1.619320511817932129e-01,-1.581334304809570312e+01,2.243310247770199384e-01
3.224000000000000000e+03,2.415065467357635498e-01,-1.234142208099365234e+01,1.937615427866929696e-01
3.228000000000000000e+03,1.572428792715072632e-01,-1.606858062744140625e+01,2.317768435125378279e-01
3.232000000000000000e+03,4.475153610110282898e-02,-2.698384094238281250e+01,2.556903462013775385e-01
3.236000000000000000e+03,2.201162278652191162e-01,-1.314695835113525391e+01,2.112854080109445865e-01
3.240000000000000000e+03,2.471078336238861084e-01,-1.214226913452148438e+01,2.188199613394778698e-01
3.244000000000000000e+03,8.334379643201828003e-02,-2.158253479003906250e+01,2.209442930788061699e-01
3.248000000000000000e+03,1.840796619653701782e-01,-1.469988346099853516e+01,1.763004938854044745e-01
3.252000000000000000e+03,5.231804028153419495e-02,-2.562696838378906250e+01,1.284336525418739161e-01
3.256000000000000000e+03,6.110269576311111450e-02,-2.427879333496093750e+01,1.574012712314661055e-01
3.260000000000000000e+03,7.661437988281250000e-02,-2.231379508972167969e+01,1.440415257853984443e-01
3.264000000000000000e+03,1.865214705467224121e-01,-1.458542346954345703e+01,1.617113401236672798e-01
3.268000000000000000e+03,1.364945471286773682e-01,-1.729769515991210938e+01,2.003391637978639839e-01
3.272000000000000000e+03,1.152548789978027344e-01,-1.876681327819824219e+01,2.222607343198678143e-01
3.276000000000000000e+03,1.986883580684661865e-01,-1.403655147552490234e+01,1.916388520532043005e-01
3.280000000000000000e+03,1.546952426433563232e-01,-1.621046066284179688e+01,1.826080925628315588e-01
3.284000000000000000e+03,7.745159417390823364e-02,-2.221939277648925781e+01,1.739303888374387763e-01
3.288000000000000000e+03,1.043285354971885681e-01,-1.963193702697753906e+01,1.557426389600721772e-01
3.292000000000000000e+03,8.434639126062393188e-02,-2.147867012023925781e+01,1.318099483214975332e-01
3.296000000000000000e+03,1.339067220687866211e-01,-1.746395301818847656e+01,1.452677378526001928e-01
3.300000000000000000e+03,6.945111602544784546e-02,-2.316641616821289062e+01,1.436055819682848511e-01
3.304000000000000000e+03,1.253859251737594604e-01,-1.803502464294433594e+01,1.505653920890268338e-01
3.308000000000000000e+03,9.840822219848632812e-02,-2.013937187194824219e+01,1.644830460520031457e-01
3.312000000000000000e+03,1.091360375285148621e-01,-1.924063682556152344e+01,1.646600822384052254e-01
3.316000000000000000e+03,1.834790110588073730e-01,-1.472827148437500000e+01,1.828979596670033958e-01
3.320000000000000000e+03,7.008168846368789673e-02,-2.308790969848632812e+01,1.859233782763977938e-01
3.324000000000000000e+03,1.903461068868637085e-01,-1.440912055969238281e+01,2.071623803158924859e-01
3.328000000000000000e+03,1.091842427849769592e-01,-1.923680114746093750e+01,1.911037419080564292e-01
3.332000000000000000e+03,1.847857087850570679e-01,-1.466663265228271484e+01,2.214226499416873106e-01
3.336000000000000000e+03,1.262809038162231445e-01,-1.797324752807617188e+01,1.813344021909193415e-01
3.340000000000000000e+03,1.780724227428436279e-01,-1.498806762695312500e+01,1.722761231685817906e-01
3.344000000000000000e+03,4.755866527557373047e-02,-2.645540618896484375e+01,1.598492095315508232e-01
3.348000000000000000e+03,7.692021131515502930e-02,-2.227919006347656250e+01,1.746232614560423169e-01
3.352000000000000000e+03,1.405231803655624390e-01,-1.704504013061523438e+01,1.499212978199129520e-01
3.356000000000000000e+03,1.789035350084304810e-01,-1.494762229919433594e+01,1.856324297190467265e-01
3.360000000000000000e+03,9.008827805519104004e-02,-2.090663528442382812e+01,2.466039483504875451e-01
3.364000000000000000e+03,1.747555732727050781e-01,-1.515137863159179688e+01,2.296804172396259835e-01
3.368000000000000000e+03,2.940902709960937500e-01,-1.063038730621337891e+01,2.211382549487665439e-01
3.372000000000000000e+03,8.024447411298751831e-02,-2.191169738769531250e+01,2.203309260949458948e-01
3.376000000000000000e+03,1.484778225421905518e-01,-1.656676864624023438e+01,1.999936280022830137e-01
3.380000000000000000e+03,8.721271157264709473e-02,-2.118840408325195312e+01,1.744363081138904092e-01
3.384000000000000000e+03,1.023176163434982300e-01,-1.980099105834960938e+01,1.822623266708294498e-01
3.388000000000000000e+03,2.030594944953918457e-01,-1.384753322601318359e+01,1.698232430249073666e-01
3.392000000000000000e+03,1.081194058060646057e-01,-1.932192611694335938e+01,1.843486485731760383e-01
3.396000000000000000e+03,1.041719466447830200e-01,-1.964498329162597656e+01,1.621499541051586168e-01
3.400000000000000000e+03,1.389497071504592896e-01,-1.714284706115722656e+01,1.529394328316863727e-01
3.404000000000000000e+03,2.324968576431274414e-02,-3.267165756225585938e+01,1.578918587650220695e-01
3.408000000000000000e+03,1.702532023191452026e-01,-1.537809371948242188e+01,1.840402712578187161e-01
3.412000000000000000e+03,1.257590949535369873e-01,-1.800921249389648438e+01,1.782116778968232118e-01
3.416000000000000000e+03,1.973080933094024658e-01,-1.409710121154785156e+01,2.496532948958917197e-01
3.420000000000000000e+03,1.181892603635787964e-01,-1.854843902587890625e+01,2.333487210660306066e-01
3.424000000000000000e+03,2.777124345302581787e-01,-1.112809371948242188e+01,2.637491648123747034e-01
3.428000000000000000e+03,1.121791154146194458e-01,-1.900175857543945312e+01,2.280263063629069387e-01
3.432000000000000000e+03,2.340402454137802124e-01,-1.261418914794921875e+01,2.132752494380268926e-01
3.436000000000000000e+03,7.006941735744476318e-02,-2.308942985534667969e+01,1.755658305272632114e-01
3.440000000000000000e+03,6.564853340387344360e-02,-2.365550041198730469e+01,1.748246899548676903e-01
3.444000000000000000e+03,1.433979719877243042e-01,-1.686914062500000000e+01,1.396104659196206466e-01
3.448000000000000000e+03,1.095393002033233643e-01,-1.920860099792480469e+01,1.380500607645058220e-01
3.452000000000000000e+03,1.086132377386093140e-01,-1.928234481811523438e+01,1.464537489373555768e-01
3.456000000000000000e+03,6.451152265071868896e-02,-2.380725479125976562e+01,1.227431463185435223e-01
3.460000000000000000e+03,9.558102488517761230e-02,-2.039256668090820312e+01,1.549799979689095997e-01
3.464000000000000000e+03,5.894488468766212463e-02,-2.459107589721679688e+01,1.621743139949043955e-01
3.468000000000000000e+03,2.243614196777343750e-01,-1.298103713989257812e+01,1.930409581918452189e-01
3.472000000000000000e+03,1.342381536960601807e-01,-1.744248199462890625e+01,2.283966371396481676e-01
3.476000000000000000e+03,1.744531989097595215e-01,-1.516642093658447266e+01,2.222227652727061242e-01
3.480000000000000000e+03,2.215118706226348877e-01,-1.309206008911132812e+01,1.881035261780233114e-01
3.484000000000000000e+03,3.695461526513099670e-02,-2.864662551879882812e+01,1.856000436477754922e-01
3.488000000000000000e+03,1.028345599770545959e-01,-1.975721740722656250e+01,1.748793995625579356e-01
3.492000000000000000e+03,1.253211796283721924e-01,-1.803951072692871094e+01,1.550429293400832076e-01
3.496000000000000000e+03,1.362681090831756592e-01,-1.731211471557617188e+01,1.680835906659621237e-01
3.500000000000000000e+03,1.508577764034271240e-01,-1.642864608764648438e+01,1.441668258374067535e-01
3.504000000000000000e+03,8.340320736169815063e-02,-2.157634544372558594e+01,1.565248695238138643e-01
3.508000000000000000e+03,1.764715835452079773e-02,-3.506650543212890625e+01,1.587703721302844151e-01
3.512000000000000000e+03,1.693384051322937012e-01,-1.542489051818847656e+01,1.319721872162366028e-01
3.516000000000000000e+03,1.442662030458450317e-01,-1.681670761108398438e+01,1.483695087298758652e-01
3.520000000000000000e+03,5.540725216269493103e-02,-2.512866783142089844e+01,2.214788028814735632e-01
3.524000000000000000e+03,1.418076455593109131e-01,-1.696600723266601562e+01,2.309590348126284165e-01
3.528000000000000000e+03,2.780498862266540527e-01,-1.111754608154296875e+01,2.461049392879189335e-01
3.532000000000000000e+03,2.031053602695465088e-01,-1.384557247161865234e+01,3.135671945219196122e-01
3.536000000000000000e+03,1.982133090496063232e-01,-1.405734443664550781e+01,3.401127157854105798e-01
3.540000000000000000e+03,2.956961989402770996e-01,-1.058308601379394531e+01,3.133123522766119162e-01
3.544000000000000000e+03,2.363582253456115723e-01,-1.252858543395996094e+01,3.240971597947489014e-01
3.548000000000000000e+03,1.825916022062301636e-01,-1.477038383483886719e+01,3.257527913996329239e-01
3.552000000000000000e+03,2.415189892053604126e-01,-1.234097480773925781e+01,2.607786074651299302e-01
3.556000000000000000e+03,2.041103839874267578e-01,-1.380269813537597656e+01,2.230779761458669963e-01
3.560000000000000000e+03,6.426933407783508301e-02,-2.383992385864257812e+01,2.224652042750231429e-01
3.564000000000000000e+03,1.020750626921653748e-01,-1.982160758972167969e+01,2.101912880237451486e-01
3.568000000000000000e+03,1.804090142250061035e-01,-1.487483501434326172e+01,2.196525349083727485e-01
3.572000000000000000e+03,1.978014111518859863e-01,-1.407541275024414062e+01,2.371628265355645027e-01
3.576000000000000000e+03,2.378097176551818848e-01,-1.247540855407714844e+01,2.813489974159485985e-01
3.580000000000000000e+03,1.266379803419113159e-01,-1.794872093200683594e+01,2.524135211045998028e-01
3.584000000000000000e+03,2.594586014747619629e-01,-1.171863746643066406e+01,2.166328791684343502e-01
3.588000000000000000e+03,7.734582573175430298e-02,-2.223126220703125000e+01,1.626765621875465029e-01
3.592000000000000000e+03,7.035692036151885986e-02,-2.305386352539062500e+01,1.958437145863169970e-01
3.596000000000000000e+03,4.562659934163093567e-02,-2.681563949584960938e+01,1.446257782507385514e-01
3.600000000000000000e+03,2.447736710309982300e-01,-1.222470664978027344e+01,1.709574876443770985e-01
3.604000000000000000e+03,7.702912390232086182e-02,-2.226690101623535156e+01,1.599993704559672381e-01
3.608000000000000000e+03,1.711348444223403931e-01,-1.533323097229003906e+01,1.728942719744298862e-01
3.612000000000000000e+03,3.132599219679832458e-02,-3.008190345764160156e+01,1.676244991488848590e-01
3.616000000000000000e+03,9.155602008104324341e-02,-2.076626205444335938e+01,1.762998517072110471e-01
3.620000000000000000e+03,2.260036468505859375e-01,-1.291769123077392578e+01,1.586877800658197946e-01
3.624000000000000000e+03,1.079292371869087219e-01,-1.933721733093261719e+01,2.129563065133692756e-01
3.628000000000000000e+03,1.084036752581596375e-01,-1.929911994934082031e+01,2.131223901101265417e-01
3.632000000000000000e+03,2.246211469173431396e-01,-1.297098731994628906e+01,1.976465733862484142e-01
3.636000000000000000e+03,9.214758127927780151e-02,-2.071031951904296875e+01,1.808557482944764538e-01
3.640000000000000000e+03,1.708814501762390137e-01,-1.534610176086425781e+01,1.823892384436783531e-01
3.644000000000000000e+03,4.812320694327354431e-02,-2.635290908813476562e+01,1.682629121281829787e-01
3.648000000000000000e+03,1.138657033443450928e-01,-1.887214279174804688e+01,1.713947168637704188e-01
3.652000000000000000e+03,1.743056029081344604e-01,-1.517377281188964844e+01,1.598191641684179598e-01
3.656000000000000000e+03,1.033025309443473816e-01,-1.971778106689453125e+01,2.206677705211658735e-01
3.660000000000000000e+03,1.296513229608535767e-01,-1.774446105957031250e+01,2.262204406211087981e-01
3.664000000000000000e+03,2.648554742336273193e-01,-1.153982162475585938e+01,1.895013995884086144e-01
3.668000000000000000e+03,1.336433589458465576e-01,-1.748105239868164062e+01,1.965969059358217419e-01
3.672000000000000000e+03,4.351869598031044006e-02,-2.722648239135742188e+01,2.050165397906544840e-01
3.676000000000000000e+03,1.285755038261413574e-01,-1.781683349609375000e+01,1.653177072229732036e-01
3.680000000000000000e+03,1.596406102180480957e-01,-1.593713283538818359e+01,1.310288870659322424e-01
3.684000000000000000e+03,1.234550625085830688e-01,-1.816982078552246094e+01,1.721529316365051354e-01
3.688000000000000000e+03,1.151248067617416382e-02,-3.877662277221679688e+01,1.643691357728397640e-01
3.692000000000000000e+03,1.899954676628112793e-01,-1.442513465881347656e+01,1.923709080005372996e-01
3.696000000000000000e+03,1.008509621024131775e-01,-1.992639923095703125e+01,2.030648901859051225e-01
3.700000000000000000e+03,2.593781054019927979e-01,-1.172133445739746094e+01,2.243093559695083228e-01
3.704000000000000000e+03,1.615451872348785400e-01,-1.583411979675292969e+01,1.852033616013530060e-01
3.708000000000000000e+03,8.718161284923553467e-02,-2.119150161743164062e+01,1.945728146564572603e-01
3.712000000000000000e+03,5.070664361119270325e-02,-2.589870262145996094e+01,1.437949063494670388e-01
3.716000000000000000e+03,1.342233419418334961e-01,-1.744343948364257812e+01,1.516394581272337005e-01
3.720000000000000000e+03,7.851593196392059326e-02,-2.210084533691406250e+01,1.454804588562380041e-01
3.724000000000000000e+03,1.894861310720443726e-01,-1.444845199584960938e+01,1.625219342548820389e-01
3.728000000000000000e+03,6.524431705474853516e-02,-2.370914649963378906e+01,1.865905554001203448e-01
3.732000000000000000e+03,1.114054471254348755e-01,-1.906187248229980469e+01,1.880069703984758034e-01
3.736000000000000000e+03,2.199516296386718750e-01,-1.315345668792724609e+01,1.501210643950422474e-01
3.740000000000000000e+03,8.356095850467681885e-02,-2.155993270874023438e+01,1.663247848717451516e-01
3.744000000000000000e+03,5.454305186867713928e-02,-2.526521301269531250e+01,1.618872728931408655e-01
3.748000000000000000e+03,1.229591816663742065e-01,-1.820478057861328125e+01,1.636172423763286865e-01
3.752000000000000000e+03,9.559979289770126343e-02,-2.039086151123046875e+01,2.236671244355126209e-01
3.756000000000000000e+03,2.261134833097457886e-01,-1.291347026824951172e+01,2.531613679417778484e-01
3.760000000000000000e+03,2.974483072757720947e-01,-1.053176975250244141e+01,2.468541342809461303e-01
3.764000000000000000e+03,1.595964729785919189e-01,-1.593953323364257812e+01,2.318315248811217977e-01
3.768000000000000000e+03,1.004939004778862000e-01,-1.995720672607421875e+01,2.123270461421672695e-01
3.772000000000000000e+03,4.209184274077415466e-02,-2.751604080200195312e+01,1.348154133876104110e-01
3.776000000000000000e+03,1.566418856382369995e-01,-1.610184097290039062e+01,1.199093091270438255e-01
3.780000000000000000e+03,2.136520668864250183e-02,-3.340585708618164062e+01,1.168196392297329300e-01
3.784000000000000000e+03,1.065034940838813782e-01,-1.945272254943847656e+01,1.218155136427311186e-01
3.788000000000000000e+03,8.948902785778045654e-02,-2.096460342407226562e+01,1.111179461367652471e-01
3.792000000000000000e+03,5.988628789782524109e-02,-2.445345115661621094e+01,1.166986660363342893e-01
3.796000000000000000e+03,1.185389906167984009e-01,-1.852277565002441406e+01,1.424510595787583933e-01
3.800000000000000000e+03,4.124277085065841675e-02,-2.769304275512695312e+01,1.527291445747554488e-01
3.804000000000000000e+03,1.982290893793106079e-01,-1.405665302276611328e+01,1.503566538452598966e-01
3.808000000000000000e+03,1.260977983474731445e-01,-1.798584938049316406e+01,1.351104942675060427e-01
3.812000000000000000e+03,5.143588408827781677e-02,-2.577467727661132812e+01,1.754990408574647609e-01
3.816000000000000000e+03,6.423479318618774414e-02,-2.384459495544433594e+01,1.588835481926858528e-01
3.820000000000000000e+03,1.850998252630233765e-01,-1.465188026428222656e+01,1.428820469097827062e-01
3.824000000000000000e+03,1.390475630760192871e-01,-1.713673400878906250e+01,1.843316758244407105e-01
3.828000000000000000e+03,6.910320371389389038e-02,-2.321003723144531250e+01,1.940790225072909492e-01
3.832000000000000000e+03,1.990723311901092529e-01,-1.401978302001953125e+01,1.573215470051227693e-01
3.836000000000000000e+03,9.895316511392593384e-02,-2.009140777587890625e+01,1.379531472896127209e-01
3.840000000000000000e+03,5.417602136731147766e-02,-2.532385826110839844e+01,1.239955810106092293e-01
3.844000000000000000e+03,7.006065547466278076e-02,-2.309051513671875000e+01,1.228409529859076504e-01
3.848000000000000000e+03,1.938875392079353333e-02,-3.424900436401367188e+01,1.130892407464132721e-01
3.852000000000000000e+03,1.949597448110580444e-01,-1.420110130310058594e+01,1.286049153998918004e-01
3.856000000000000000e+03,6.421924382448196411e-02,-2.384669876098632812e+01,1.389927940409000084e-01
3.860000000000000000e+03,1.094401851296424866e-01,-1.921646308898925781e+01,1.598141051848319949e-01
3.864000000000000000e+03,1.070604920387268066e-01,-1.940741539001464844e+01,1.434675785020456118e-01
3.868000000000000000e+03,9.355068206787109375e-02,-2.057906150817871094e+01,1.520127404135220572e-01
3.872000000000000000e+03,1.367362290620803833e-01,-1.728232955932617188e+01,1.702476872504295746e-01
3.876000000000000000e+03,9.465564042329788208e-02,-2.047706985473632812e+01,1.589155221821847153e-01
3.880000000000000000e+03,1.743899285793304443e-01,-1.516957187652587891e+01,1.819528260665799480e-01
3.884000000000000000e+03,6.669726967811584473e-02,-2.351783943176269531e+01,1.600181892055355659e-01
3.888000000000000000e+03,1.756055951118469238e-01,-1.510923290252685547e+01,1.440651274028473816e-01
3.892000000000000000e+03,5.860882624983787537e-02,-2.464073944091796875e+01,1.224998862903603075e-01
3.896000000000000000e+03,3.783357888460159302e-02,-2.844245147705078125e+01,1.490025092138137774e-01
3.900000000000000000e+03,9.757824987173080444e-02,-2.021293830871582031e+01,1.238964146825749096e-01
3.904000000000000000e+03,1.610950529575347900e-01,-1.585835552215576172e+01,1.367706012477807043e-01
3.908000000000000000e+03,8.618200570344924927e-02,-2.129166793823242188e+01,1.588599643554149121e-01
3.912000000000000000e+03,1.044644638895988464e-01,-1.962062835693359375e+01,1.356191506454760831e-01
3.916000000000000000e+03,1.165120899677276611e-01,-1.867258071899414062e+01,1.416287713198871034e-01
3.920000000000000000e+03,1.479846984148025513e-02,-3.659566497802734375e+01,1.564235800333484139e-01
3.924000000000000000e+03,1.825002878904342651e-01,-1.477472877502441406e+01,1.891996082601591078e-01
3.928000000000000000e+03,1.388785690069198608e-01,-1.714729499816894531e+01,2.219578542171893321e-01
3.932000000000000000e+03,2.212070375680923462e-01,-1.310402107238769531e+01,2.419733164456455698e-01
3.936000000000000000e+03,2.331913262605667114e-01,-1.264575195312500000e+01,2.440015118084484513e-01
3.940000000000000000e+03,8.609010279178619385e-02,-2.130093574523925781e+01,2.583890435811879716e-01
3.944000000000000000e+03,1.897243708372116089e-01,-1.443753719329833984e+01,2.233752607219411934e-01
3.948000000000000000e+03,1.901244819164276123e-01,-1.441923904418945312e+01,1.665007532015747027e-01
3.952000000000000000e+03,9.649396687746047974e-02,-2.030999755859375000e+01,1.661681843852161056e-01
3.956000000000000000e+03,3.061411529779434204e-02,-3.028156471252441406e+01,1.589466082086767318e-01
3.960000000000000000e+03,8.490554988384246826e-02,-2.142127799987792969e+01,1.321737851496993243e-01
3.964000000000000000e+03,1.640023589134216309e-01,-1.570299911499023438e+01,1.506343603535760800e-01
3.968000000000000000e+03,9.476429224014282227e-02,-2.046710586547851562e+01,1.878258008436363147e-01
3.972000000000000000e+03,1.622473597526550293e-01,-1.579644680023193359e+01,1.943146872617918519e-01
3.976000000000000000e+03,1.630836278200149536e-01,-1.575179290771484375e+01,2.093103847933817374e-01
3.980000000000000000e+03,1.080178469419479370e-01,-1.933008956909179688e+01,1.860687788196293269e-01
3.984000000000000000e+03,2.174144536256790161e-01,-1.325423145294189453e+01,1.663769785842491022e-01
3.988000000000000000e+03,1.198169030249118805e-02,-3.842963790893554688e+01,1.336351991638277670e-01
3.992000000000000000e+03,9.210855513811111450e-02,-2.071400070190429688e+01,1.033086791222294215e-01
3.996000000000000000e+03,4.646304249763488770e-02,-2.665784835815429688e+01,4.226854573801359233e-02
